index,Name of movie,Year of release,Watchtime (mins),Movie Rating,Metascore,Votes,Gross Collection,Partial_url,complete url,Poster,Trailer,Tags,Storyline,Cast,Similar Movies
0,Dinosaur,2000,82 ,6.4,56,"63,720",$137.75M,/title/tt0130623/,https://www.imdb.com/title/tt0130623/,https://www.imdb.com//title/tt0130623/mediaviewer/rm2237727232/?ref_=tt_ov_i,,AnimationAdventureDrama,"Initially, Directors Eric Leighton and Ralph Zondag were to use the popular Tyrannosaurus rex as this movie's antagonistic predator, but at around the time of production, The Lost World: Jurassic Park (1997) was released, which depicted a somewhat softer, motherly side to the classic dinosaur. Thus, a Carnotaurus was used. However, they changed the Carnotaurus' size to be even larger than Tyrannosaurus rex, close to 17-18 m long, when real Carnotaurus were only 8-9 m in length, about the same size or even smaller then the film's hero Aladar.",D.B. SweeneyAladar(voice)Julianna MarguliesNeera(voice)Samuel E. WrightKron(voice)Alfre WoodardPlio(voice)Ossie DavisYar(voice)Max CasellaZini(voice)Hayden PanettiereSuri(voice)Peter SiragusaBruton(voice)Joan PlowrightBaylene(voice)Della ReeseEema(voice)Matt AdlerAdditional Voice(voice)Sandina Bailo-LapeAdditional Voice(voice)(as Sandina Bailolape)Edie Lehmann BoddickerAdditional Voice(voice)Zachary BostromAdditional Voice(voice)Cathy CavadiniAdditional Voice(voice)(as Catherine Cavadini)Holly DorffAdditional Voice(voice)Greg FinleyAdditional Voice(voice)Jeff FischerAdditional Voice(voice),
1,Amores perros,2000,154 ,8.1,83,"244,979",$5.38M,/title/tt0245712/,https://www.imdb.com/title/tt0245712/,https://www.imdb.com//title/tt0245712/mediaviewer/rm3399622401/?ref_=tt_ov_i,https://imdb-video.media-imdb.com/vi2171189785/1434659607842-pgv4ql-1550253405802.mp4?Expires=1683976735&Signature=nR3JGxABErGcjgRJM5JVQNMYLpOtCZaDF8~p7o1WmkDfv5yYiztMWVJuoYXSHqOgTKwf21F0VBz9ed499XK81AMR1wqcNjhLWPAMTEnJ-wavGHfiqkCaIVLFK4JbghonHkgTeGZNrxi01zVQ59Fx5qsB6OAIMPT--EbLosSw9u0pTWkgjKQNEVX2NNDropvak8cfxv7EQ6R6G2Cm8omT~gUilcjMV-XfdzU~mWan2-p6zTMqKsu76uP6ortLtKqC104Di3DFozoz~OhTYk9WCJcSgiWaJZDlIJeFS8OtAaZ3U8wqfGkKohIHQk49BvZJAV1MfRbrXHRmtI3EypdQhQ__&Key-Pair-Id=APKAIFLZBVQZ24NQH3KA,DramaThriller,"For the scenes where the dogs appeared to be dead or dying, the animals were actually heavily sedated under the careful eye of the Mexican SPCA. Multiple dogs that looked like one dog seen on screen were also used, so that the same dog was not under sedation for more than half an hour and not more than once a day at a time.",Emilio EchevarríaEl ChivoGael García BernalOctavio(as Gael García)Goya ToledoValeriaÁlvaro GuerreroDaniel(as Alvaro Guerrero)Vanessa BaucheSusanaJorge SalinasLuisMarco PérezRamiroRodrigo MurrayGustavoHumberto BustoJorgeGerardo CampbellMauricioRosa María BianchiTía Luisa (Aunt Luisa)Dunia SaldívarMama Susana (Susana's Mother)Adriana BarrazaMama Octavio (Octavio's Mother)José SefamiLeonardoLourdes EchevarríaMaruLaura AlmelaJulietaRicardo DalmacciAndrés SalgadoGustavo Sánchez ParraJarocho,           Grams      Babel      Biutiful      And Your Mother Too      The Secret in Their Eyes      Wild Tales      La haine      The Lives of Others      The   00 Blows      Persona      Pan's Labyrinth      Hotel Rwanda
2,U-571,2000,116 ,6.6,62,"84,003",$77.09M,/title/tt0141926/,https://www.imdb.com/title/tt0141926/,https://www.imdb.com//title/tt0141926/mediaviewer/rm4196415488/?ref_=tt_ov_i,,ActionWar,"The caption before the end credits, detailing the fact that the Royal Navy captured the first Enigma machine, was only added after an outcry in Britain, where it was believed that Hollywood was trying to claim the credit for the Americans (whose forces captured no German Naval Enigma material until 1944).",Matthew McConaugheyTylerBill PaxtonDahlgrenHarvey KeitelChiefJon Bon JoviEmmettDavid KeithCoonanThomas KretschmannWassnerJake WeberHirschJack NoseworthyWentzTom GuiryTriggerWill EstesRabbitTerrence 'T.C.' CarsonEddie(as T.C. Carson)Erik PalladinoMazzolaDave PowerTankDerk CheetwoodGriggsMatthew SettleLarsonRebecca TilneyMrs. DahlgrenCarolyna De LaurentiisPrudence DahlgrenDina De LaurentiisLouise Dahlgren,
3,Frequency,2000,118 ,7.4,67,"111,464",$45.01M,/title/tt0186151/,https://www.imdb.com/title/tt0186151/,https://www.imdb.com//title/tt0186151/mediaviewer/rm4240258561/?ref_=tt_ov_i,https://imdb-video.media-imdb.com/vi3265790233/1434659607842-pgv4ql-1563894246531.mp4?Expires=1683977580&Signature=GtJfcJxdXRMd5F-n3zYOsuVFbQk1kGa4YtbmtMctgMpksEYmeQoQefo8VxYVnm~aJl9tVfuaQRz9RFYj7D88PSqZkHr7vbZMl7WlOFCq4PJPUW6jLiGf0jtO0WDQo84oURZQfK9bz4IdOH2dneYCRauFpNZKer-pe875-QGWxap8-azOsiAYMofnbLJ8z64wAhLPbkwyf3zQoYL~NByITVgggeOnuYFMcvWPpL0dy59a8~5EwiFW5MYaBMJ5cJsXIV9Ry-2bcPJ8rqegT4Mp7ypWPVvz5AAaizISIa0P55r-vJiJAapNTVQGSEYDd4NGeE-WfnKaFNlHHcOqwH7L9Q__&Key-Pair-Id=APKAIFLZBVQZ24NQH3KA,CrimeDramaMystery,"In the warehouse fire scene, all the firefighters except Dennis Quaid, Peter MacNeill and Jordan Bridges are real.",Dennis QuaidFrank SullivanJim CaviezelJohn SullivanShawn DoyleJack ShepardElizabeth MitchellJulia SullivanAndre BraugherSatch DeLeonNoah EmmerichGordo HerschMelissa ErricoSamantha ThomasDaniel HensonJohnny Sullivan (6 Years)Jordan BridgesGraham GibsonStephen JoffeGordo Hersch (8 Years)Jack McCormackCommander O'ConnellPeter MacNeillButch FosterMichael CeraGordy Jr. (10 Years)Marin HinkleSissy ClarkRichard SaliChuck HayesNesbitt BlaisdellFred ShepardJoan HeneyLaura ShepardJessica MeyerTeenage Runaway,      K-PAX    0The Thirteenth Floor      Frequency      The Jacket      Contact      The Man from Earth      Gattaca      Dark City      Deja Vu      Phone Booth      Identity      Timecrimes
4,How the Grinch Stole Christmas,2000,104 ,6.3,46,"268,108",$260.04M,/title/tt0170016/,https://www.imdb.com/title/tt0170016/,https://www.imdb.com//title/tt0170016/mediaviewer/rm1102798080/?ref_=tt_ov_i,https://imdb-video.media-imdb.com/vi208601113/1434659607842-pgv4ql-1563831572158.mp4?Expires=1683977265&Signature=OvKpk3LVPvIC3GcNOyG8WvDd2xLYk0ARG2jdnze~NiZZ7CV6aYQMpYE5WNye6nYVsHS0kMOzskeFgznAtD~-oU7oyynfsuCjKDLZ4eawB8IdFdWpP0~xfC8yWuBxAtdYmfFhIfYuJkEppBumDGlNWCKwWM09uBMBGRVG8SSqqbPLMaon3aG3Xom8WcY3ierU3KcAFK8Bvb-QHuswvIhovIC4S8C2Ymi7Gkdbp9Njt9WnUOFt-FBdp1y6RkyoudzmF~--RAbk8qmTz1Q0OLQ99yIasnJvcj8hMQifPrdUY9PkZAvhofglL1LgmaTCMrLbNAQTA5Ts7odRPSbngFABDw__&Key-Pair-Id=APKAIFLZBVQZ24NQH3KA,ComedyFamilyFantasy,"The scene where the Grinch is directing his dog, Max (Kelley), before stealing Christmas, is Jim Carrey making fun of producer and director Ron Howard, imitating his style of directing. Howard found the scene hilarious and decided to include it in this movie.",Jim CarreyGrinchTaylor MomsenCindy Lou WhoKelleyMaxJeffrey TamborMay WhoChristine BaranskiMartha May WhovierBill IrwinLou Lou WhoMolly ShannonBetty Lou WhoClint HowardWhobrisJosh Ryan Evans8-Year-Old GrinchMindy SterlingClarnellaRachel WinfreeRoseRance HowardElderly TimekeeperJeremy HowardDrew Lou WhoT.J. ThyneStu Lou WhoLacey KohlChristina WhoterberryNadja PionillaJunieJim MeskimenOfficer WholihanMichael DahlenCustomer,      Elf      Home Alone      Home Alone      Lost in New York      The Grinch      The Polar Express      The Santa Clause    0Jumanji      Night at the Museum      A Christmas Carol      How the Grinch Stole Christmas!      Charlie and the Chocolate Factory      The Nightmare Before Christmas
5,The Whole Nine Yards,2000,98 ,6.7,47,"124,136",$57.26M,/title/tt0190138/,https://www.imdb.com/title/tt0190138/,https://www.imdb.com//title/tt0190138/mediaviewer/rm2373163264/?ref_=tt_ov_i,https://imdb-video.media-imdb.com/vi4278959641/1434659607842-pgv4ql-1594734069019.mp4?Expires=1683977272&Signature=ggb0Lsm2Apyy3M~hq04X01znPi5bgK-4H7YVMV2y1gk-Jehhqx8G7SFWcK64eXbUw-itz0OimI9oCC8xaM9bbNN82AN7IkrPPjkA8rwGf2IV44D6x1W9FMWm4n~wX08Dae7YBPgt8akcYhbtoqKK79TK5-YOCTWCuAwrO7xsjKW8eU5g562GxfFdlcSNBsz1Dzi5Evp0GER1fVYKNLfIvlzvwvtY7xrVZHqz~dJhuOks1wx3eAiyd99a7yjS0S1o0dwPlDNaU8V2OG9kqi~YxBHPIeh6rmbJ8f0rvktFxwrVjQ6wNbY2mm0GURNbgc-MYRMr~~SkcX9opmsQ0E6zUg__&Key-Pair-Id=APKAIFLZBVQZ24NQH3KA,ComedyCrime,"The three kids who run between Jimmy and Oz when they are standing next to the flower cart are Bruce Willis's three daughters, Tallulah Willis, Scout Willis, and Rumer Willis.",Bruce WillisJimmy TudeskiMatthew PerryOz OseranskyRosanna ArquetteSophieMichael Clarke DuncanFrankie FigsNatasha HenstridgeCynthiaAmanda PeetJillKevin PollakJanni GogolakHarland WilliamsAgent HansonCarmen FerlandSophie's Mom(as Carmen Ferlan)Serge ChristiaenssensMr. Boulez(as Serge Christianssens)Renee Madeline Le GuerrierWaitress(as Renée Madelaine Le Guerrier)Jean-Guy BouchardMoverHoward BilermanDave MartinJohnny GoarHungarian HoodDeano ClavetPolish PugStephanie BiddleJazz SingerCharles Biddle Sr.Bass Player(as Charles Biddle)Geoff LappPianist,      The Whole Ten Yards      The Jackal           Blocks    0The Last Boy Scout      Mercury Rising      Fools Rush In      Bandits      Last Man Standing      Serving Sara      What Women Want    0Three to Tango      Hostage
6,The Gift,2000,112 ,6.7,62,"71,747",$12.01M,/title/tt0219699/,https://www.imdb.com/title/tt0219699/,https://www.imdb.com//title/tt0219699/mediaviewer/rm3355645952/?ref_=tt_ov_i,https://imdb-video.media-imdb.com/vi3589407001/1434659607842-pgv4ql-1563726459021.mp4?Expires=1683977279&Signature=kSRnJiaiZudxtEux0FxokPd8Fofhzo7fd8hFywPMPe7WKWy01KL~GGG9m4iC6x18HAge-RShhsxvbtb4iF053O5-QkI8JQikPAnwVrCja~WdL2bP2~j5kCTZtB5k7up21VZ7teR5kWvVBq-jxoq5N4aji7lQLGzGYVQ5GkWrLsKCBNXr4R30hVWthbtlXd031sth2wP1dvsDmr9pBBwvQ2YBmOYmAniVAOuei85~JOpdZCXTJJ5yk50FH2rgGWoxw3PAh7wwtynGIdk8gjaj85QnXzr3JiLPS2~yX7TwlHxle0mRv7Wg05yDKW4C5XFCNHTDMbAB1ALZ0MrjAGq0fg__&Key-Pair-Id=APKAIFLZBVQZ24NQH3KA,DramaFantasyHorror,Based on Billy Bob Thornton's own mother's reputed psychic abilities.,Cate BlanchettAnnie WilsonKatie HolmesJessica KingKeanu ReevesDonnie BarksdaleGiovanni RibisiBuddy ColeGreg KinnearWayne CollinsHilary SwankValerie BarksdaleMichael JeterGerald WeemsKim DickensLindaGary ColeDavid DuncanRosemary HarrisAnnie's GrannyJ.K. SimmonsSheriff Pearl JohnsonChelcie RossKenneth KingJohn BeasleyAlbert HawkinsLynnsee ProvenceMike WilsonHunter McGilvrayMiller WilsonNathan Lee LewisCornelius(as Nathan Lewis)Benjamin PeacockTommyClay JamesStanley,      What Lies Beneath      Stir of Echoes      A Simple Plan      The Watcher      Arlington Road    0The Gift      Darkman      Frailty    0Fallen      Sweet November      Murder by Numbers      The Mothman Prophecies
7,The Replacements,2000,118 ,6.6,30,"67,064",$44.74M,/title/tt0191397/,https://www.imdb.com/title/tt0191397/,https://www.imdb.com//title/tt0191397/mediaviewer/rm1011353344/?ref_=tt_ov_i,https://imdb-video.media-imdb.com/vi1072890137/1434659607842-pgv4ql-1564019925232.mp4?Expires=1683977284&Signature=Y2LI72b2CdRUipEs6QLj3G9PTgx4vfcBKVnHYTZclZ2Prr5YcjlNLS3jEIvCsN4WinoUw~NBMxS0nA9r6lCUxY6rkHLwlJZ2b1vIWQGBUwO3k7F7GD7gbfDIDswYoC~Wcp46TPk~gdhq9S8PapEl~GAeSCWMmB2YmoahoavbqGQKlVU~nIdxuN8MZABetVIc-LFpf2Km3yxCNsdQGAlAGt3Rg80B89l7Ykn0AQN0wcHtA-lKafx5AJPDdFOftSAcLyBXlMO47V4akR0qezcEEzL63XihATJ4WkPjCfv9AoZeFHCLeqti3xMVJ~01e8~tfEkZoLKr1fuGz1O4UN-SqA__&Key-Pair-Id=APKAIFLZBVQZ24NQH3KA,ComedySport,Final film of Jack Warden.,Keanu ReevesShane FalcoGene HackmanJimmy McGintyBrooke LangtonAnnabelle FarrellOrlando JonesClifford FranklinFaizon LoveJamalMichael TaliferroAndre(as Michael 'Bear' Taliferro)Ace YonamineFumikoTroy WinbushWalter CochranDavid DenmanBrian MurphyJon FavreauBatemanMichael JaceWilkinsonRhys IfansNigel GruffGailard SartainPilachowskiArt LaFleurBanesBrett CullenEddie MartelArchie L. Harris Jr.Wilson CarrEvan ParkeMalcolm La Mont(as Evan Dexter Parke)John MaddenJohn Madden,      Hardball      Varsity Blues      Major League      Any Given Sunday      Rudy      Friday Night Lights    0Invincible      White Men Can't Jump    0We Are Marshall      Remember the Titans      Hoosiers      Point Break
8,Next Friday,2000,98 ,6.1,41,"42,282",$57.33M,/title/tt0195945/,https://www.imdb.com/title/tt0195945/,https://www.imdb.com//title/tt0195945/mediaviewer/rm3283681792/?ref_=tt_ov_i,https://imdb-video.media-imdb.com/vi1134100761/1434659607842-pgv4ql-1564594864034.mp4?Expires=1683977290&Signature=lssdqgxZr994IxylETjkJ6Jki8G6RQwCxwHZ7cWO2zE9iMcXguASedKN5d3vEEdl-s38KOdz8LwaKNkanty9FSeA2B1WaMElIKfoACvMv72RDNc9PLwmlCrBflDPIue7HeTdVgjyiVaW5GkOrJmy1x7eFobSsn2T11uiev7ePGKnR-n1n8ZvQUdQYp3~qK3TkFPZ7vBdYeRLFY3QBRVjtemVCCOQrwiu0jBvkUjjlRsmxaWMB7M-j3Cx8gMhezUfLaW9nr0v4gfhy-8yTKqUx3yEwtbmS2gvFdBObaWsG3a5sAz2rrrdUYuRgGXQlbuiUQmGspv4to~mt78yR9L6uA__&Key-Pair-Id=APKAIFLZBVQZ24NQH3KA,Comedy,Chris Tucker did not reprise his role of Smokey from the original film because he'd become a born again Christian after filming Money Talks (1997) and chose to do the Rush Hour series instead. His character is referenced throughout the film to explain his absence.,Ice CubeCraig JonesMike EppsDay-DayJustin PierceRoachJohn WitherspoonMr. JonesDon 'D.C.' CurryUncle ElroyJacob VargasJokerLobo SebastianLil JokerRolando MolinaBaby JokerLisa RodríguezKarla(as Lisa Rodriguez)Tom Lister Jr.Deebo(as Tommy 'Tiny' Lister Jr.)Kym WhitleySuga(as Kym E. Whitley)Amy HillMrs. Ho-KymTamala JonesD'wanaThe Lady of RageBaby D'(as Robin Allen)Carmen SeranoGirl #1Maria ArcéGirl #2(as Maria Arce)Vanessa WhiteGirl #3Clifton PowellPinky,      Friday After Next      Friday      Boyz n the Hood      How High      Don't Be a Menace to South Central While Drinking Your Juice in the Hood      Menace II Society      BarbershopLast Friday    0Juice      Baby Boy      Straight Outta Compton      Half Baked
9,Chocolat,2000,121 ,7.3,64,"195,810",$71.51M,/title/tt0241303/,https://www.imdb.com/title/tt0241303/,https://www.imdb.com//title/tt0241303/mediaviewer/rm3505219328/?ref_=tt_ov_i,https://imdb-video.media-imdb.com/vi2733547033/1434659607842-pgv4ql-1564245855361.mp4?Expires=1683977295&Signature=Lsd0r3XsyAiHNxPiEYY2AeUcd16gCY3t4PyWVkVlInSYcTGyaju9PhHMeQun75jGcjApElcYg-cUhzXM2NCZPPEnjl7rKsTRkzAVn3tGj2qznf8h7nqFqhwSA6mnBHMNVcquViq-3ItY-AIrZfU4OmU3BRKaiIttnNdMv1~0arFN~wSwFH-DfpWAr00q6vaJ45OBehraRKHNB9fnXUJqhf-N3IlxuA1JMyCD~988~sbDMar9kIAzxo42KBdpMN7a~vbMN~0fsI~NzmFX8xv9Khr-S7z-Zr0bwnP~80pr1dGED2uEyDEPF4Upu0yZ66rcuojBU88KCGSW1HnD3Q1m1w__&Key-Pair-Id=APKAIFLZBVQZ24NQH3KA,DramaRomance,"The village of Flavigny-sur-Ozerain, with its three hundred seventy inhabitants, became part of this movie. Two hundred fifty people from the area were recruited as extras. The population was informed daily about what was going on.",Juliette BinocheVianneJohnny DeppRouxJudi DenchArmande VoizinAlfred MolinaComte de ReynaudCarrie-Anne MossCaroline ClairmontAurelien Parent KoenigLuc Clairmont(as Aurèlien Parent Koenig)Antonio GilJean-Marc Drou(as Antonio Gil-Martinez)Hélène CardonaFrancoise DrouHarrison PrattDedou DrouGaelan ConnellDidi DrouÉlisabeth CommelinYvette Marceau(as Elisabeth Commelin)Ron CookAlphonse MarceauGuillaume TardieuBaptiste MarceauHugh O'ConorPere HenriJohn WoodGuillaume BlerotLena OlinJosephine MuscatPeter StormareSerge MuscatLeslie CaronMadame Audel,      What's Eating Gilbert Grape      Blow    0The Tourist      Frida      Edward Scissorhands      The English Patient      Secret Window      Shakespeare in Love      From Hell      Elizabeth      Sweeney Todd   The Demon Barber of Fleet Street      Dark Shadows
10,Billy Elliot,2000,110 ,7.7,74,"138,225",$22.00M,/title/tt0249462/,https://www.imdb.com/title/tt0249462/,https://www.imdb.com//title/tt0249462/mediaviewer/rm815140608/?ref_=tt_ov_i,https://imdb-video.media-imdb.com/vi1724629273/1434659607842-pgv4ql-1605832207232.mp4?Expires=1683977300&Signature=j4~yXalRyiQ~uBM9Sa96-D7PuDI2nyzDGRh7N4~XZ1HZR54EW3NmIop1xD26fjPQuxEfK28j7FDum98bGh4z4DhiH1gwGMsTz2uAHNPebRlfxqG0qTQltjnbSpE8b8~rYl-fDV-FPJh52mLjEcaPIqRrC7WtmSrBR1ypMzdZIzybZURTlEe0WE67I4eAUGAptUaMLTqQjLIvRZzNPo3BLnt8PASc7juPPKYOboJr~Z6zfd31dkuS0BS2yJn1i6lD-lRFu331JqHYswkkZIbWv1Z0Rand3OHE1OgX2FFFhnjOwZS0bvm-HoUnP37UboTBANZ5BNL2iBaO4G5rDwyjqA__&Key-Pair-Id=APKAIFLZBVQZ24NQH3KA,DramaMusic,"Jamie Bell was going through puberty at the time of filming. Some of his dialogue had to be post-synched as his voice had broken. And the opening scene in which he jumps up and down on a bed to T. Rex's ""Cosmic Dancer"" was shot over a lengthy period of time. For the latter takes, Bell had acquired hair on his legs and had to have them shaved.",Jamie BellBillyJulie WaltersMrs. WilkinsonJean HeywoodGrandmaJamie DravenTonyGary LewisDadStuart WellsMichaelMike ElliotGeorge WatsonBilly FaneMr BraithwaiteNicola BlackwellDebbieCarol McGuiganLibrarianJoe RentonGary PoulsonColin MacLachlanMr. Wilkinson(as Colin Maclachlan)Janine BirkettBilly's MumTrevor FoxPC Jeff PeverlyCharlie HardwickSheila BriggsDenny FergusonMinerDennis LingardNCB OfficialMatthew James ThomasSimon(as Matthew Thomas),      The Full Monty      Billy Elliot      The Chorus      Four Weddings and a Funeral      About a Boy      Bridget Jones's Diary      'Billy Elliot'   Breaking Free      Mrs   Doubtfire      Bend It Like Beckham      Rocketman      Moulin Rouge!      Chocolat
11,The Family Man,2000,125 ,6.8,42,"114,009",$75.79M,/title/tt0218967/,https://www.imdb.com/title/tt0218967/,https://www.imdb.com//title/tt0218967/mediaviewer/rm3835698688/?ref_=tt_ov_i,https://imdb-video.media-imdb.com/vi318685465/1434659607842-pgv4ql-1603315936042.mp4?Expires=1683977626&Signature=Q6qlSN4esHmgS738PBn8eZhU7uYRnrN5NbSOZM66dKuDr4AMqTMIIylMCndvpl1QrO37rZP2flsxmrDOXpuNGnQo2Y00uEAvNmkbqqMkPIfk7skSojU1yGu6jKXKNwfXHaiO7fLDp~v44Smw7vN7WLzFQZgkkwqE~2DqHjX8dGeT1X18J4eJ2HPyl141kEsq~DRoP97akW-UUVfm~U5oNqPi00fyQqq8NZ14u0RNeiEznzCPWXvaHAxw39AcchTjjBGdG6HWH91GgdJcTlw2q1ghrXF5VpXkLMg1f7W6lmsu83HhKlkAu7qRRje2yZhL~Y2ieJOgOyYam9xkcdhmnQ__&Key-Pair-Id=APKAIFLZBVQZ24NQH3KA,ComedyDramaFantasy,"According to the DVD commentary, the scene where Jack gets back into his minivan and the minivan won't start was a happy accident that wasn't supposed to happen. The director thought it was a perfect beat and left it in the final cut.",Nicolas CageJack CampbellTéa LeoniKate ReynoldsDon CheadleCashJeremy PivenArnieSaul RubinekAlan MintzJosef SommerPeter LassiterMakenzie VegaAnnie CampbellJake MilkovichJosh CampbellRyan MilkovichJosh CampbellLisa ThornhillEvelyn ThompsonHarve PresnellBig EdMary Beth HurtAdelleAmber VallettaPaulaFrancine YorkLorraineRuth WilliamsonBetty PetersonJohn F. O'DonohueTony the Doorman(as John O'Donahue)Daniel WhitnerFrank the Security ManLucy LinExecutive #1,      City of Angels      Matchstick Men      The Weather Man        MM      Snake Eyes      It Could Happen to You      Gone in   0 Seconds      Next      Leaving Las Vegas      Face/Off      The Family Man      Con Air
12,Dancer in the Dark,2000,140 ,7.9,61,"112,824",$4.18M,/title/tt0168629/,https://www.imdb.com/title/tt0168629/,https://www.imdb.com//title/tt0168629/mediaviewer/rm2533562368/?ref_=tt_ov_i,https://imdb-video.media-imdb.com/vi3164602649/1434659607842-pgv4ql-1563468368537.mp4?Expires=1683977312&Signature=GaWlMpC724i8I1JV0lFikI8MW8dDdi7~3qQqnaZm5FrnZru8oHlg38muQz6ZYsLVkKg6Zno~ULqjKiXor8aj9dTPgvF2U3~38VPiEBJvcN44N4UhCGpziO2fkKSw6TbXsB5tmqmv8mDhJPM3Cx~qTL43YHGIfVVpQbaSlcleOGogF7m1Ll8XLCtW~~DK4B-JLH60U-7N4pYk0tuqliycQgk17uYR6hsKu5gi5lhx0omvsfBa7ESMpCCVOio9fh1RbFDftgSuC0aMdiBWOwko8LYSVmKd6yOMtRN38CSJh~bRgHpxWbY-Ne0czLUdoumQwfRtCOuWspNEstwg9v1fAA__&Key-Pair-Id=APKAIFLZBVQZ24NQH3KA,CrimeDramaMusical,"Lars von Trier has said that each morning before filming, Björk would say ""Mr. von Trier, I despise you,"" and spit at him.",BjörkSelma JezkovaCatherine DeneuveKathyDavid MorseBill HoustonPeter StormareJeffJoel GreyOldrich NovyCara SeymourLinda HoustonVladica KosticGene JezekJean-Marc BarrNormanVincent PatersonSamuelSiobhan Fallon HoganBrenda(as Siobhan Fallon)Zeljko IvanekDistrict AttorneyUdo KierDr. PorkornyJens AlbinusMortyReathel BeanJudgeMette BerggreenReceptionistLars Michael DinesenDefense Attorney…Katrine FalkenbergSuzan…Michael FlessasAngry Man,    0Dogville      Breaking the Waves      Melancholia      Antichrist      The Idiots      The House That Jack Built      Europa      Manderlay      The Piano Teacher      Irreversible      The Boss of It All      The Element of Crime
13,28 Days,2000,103 ,6.1,46,"51,987",$37.17M,/title/tt0191754/,https://www.imdb.com/title/tt0191754/,https://www.imdb.com//title/tt0191754/mediaviewer/rm3077183488/?ref_=tt_ov_i,https://imdb-video.media-imdb.com/vi2301297433/1434659607842-pgv4ql-1564116920536.mp4?Expires=1683977317&Signature=RBIFJ0o~eWc4hUtMCzTWX7uA0AXqtTKK2mkrn9zGzZXs2VdXBRjnBwUxmwGk0AE~scKdd5iG0frxzsOP8qBCB4YEXE~XpLIHCH7CDgvMWns~1-NfAren6s7O~ddAHkRp3gJgtKsSynwsvwGLiXAeSY~URcVj6qzpbaGj-GSqfPvf8yZb5tCYrRnAErl41Lvfax7eEW9LF-qvLdUOqN-8AdAYsZAQRQunYTwae0BgMyRTj-ilXymg0a6g9NvsCzGGB2cp~p7z2jBekaQUd9X~ol-oIYLLB5oRoHNluSIP2sYKsw8OFTxF1PZXIwU8E7eMrCsz64OyY9~xe5sHMfvw3w__&Key-Pair-Id=APKAIFLZBVQZ24NQH3KA,ComedyDrama,Sandra Bullock would drink a triple espresso before any scene that required her character to have uncontrollable shakes.,Sandra BullockGwen CummingsViggo MortensenEddie BooneDominic WestJasperElizabeth PerkinsLilyAzura SkyeAndreaSteve BuscemiCornellAlan TudykGerhardtMike O'MalleyOliver(as Michael O'Malley)Marianne Jean-BaptisteRoshandaReni SantoniDanielDiane LaddBobbie JeanMargo MartindaleBettySusan KrebsEvelynLoudon Wainwright IIIGuitar GuyKatie ScharfYoung GwenMeredith DeaneYoung LilyElizabeth RuscioMomKathy PayneAunt Helen,    0Hope Floats      Forces of Nature      Two Weeks Notice      The Lake House    0The Net      Miss Congeniality      While You Were Sleeping      Practical Magic      Miss Congeniality      Armed & Fabulous      Murder by Numbers      Premonition           Days Later
14,Mission to Mars,2000,114 ,5.6,34,"74,868",$60.88M,/title/tt0183523/,https://www.imdb.com/title/tt0183523/,https://www.imdb.com//title/tt0183523/mediaviewer/rm674372353/?ref_=tt_ov_i,https://imdb-video.media-imdb.com/vi52215321/1434659607842-pgv4ql-1593609147008.mp4?Expires=1683977323&Signature=XEOgfjIA4D3HC-EZ~yL3Yt2jNXwUT5OuPKUj4LiHgBTp0x0RdlnCvn9cptL48SGglbG7~0WImL8V6ZEHMwa1q~qK8m-Xn7~l2Lel8tyExh4mCRct7hgxGlA4ET1-YyFBWHCLKWaUqR7oSkvg5DKjlCrgrkmKYeFO~LQoR8Q8CTvPiOlsUL~NbrMSIyQP6MTjCuYHwwsOg5CGg0MHkRf9o7AOTHWPCy734q2DPi6Nimd5PxY0E5nofN4nTwfsqyoYMaxUOU3oAtSYf9cZtMXlqsMqDOtWVOEZBX2JKtRRW~UNF9O-oZtVpYtk2l5XZnIVAbbstr1GhItGax5xXAm8WQ__&Key-Pair-Id=APKAIFLZBVQZ24NQH3KA,AdventureSci-FiThriller,The filmmakers created the Martian landscape in a massive sandpit near Vancouver. It was one of the biggest sets ever constructed for a movie - around two million square feet.,Tim RobbinsWoody BlakeGary SiniseJim McConnellDon CheadleLuke GrahamConnie NielsenTerri FisherJerry O'ConnellPhil OhlmyerPeter OuterbridgeSergei KirovKavan SmithNicholas WillisJill TeedReneé CotéElise NealDebra GrahamKim DelaneyMaggie McConnellMarilyn NorryNASA WifeFreda PerryNASA WifeLynda BoydNASA WifePatricia HarrasNASA WifeRobert Bailey Jr.Bobby GrahamChaynade KnowlesChild at PartyJeffrey BallardChild at Party(as Jeff Ballard)Anson WoodsChild at Party,      Red Planet      Femme Fatale      Redacted      Snake Eyes    0Raising Cain      Domino      The Black Dahlia      Passion      Casualties of War      The Bonfire of the Vanities      Sphere      Wise Guys
15,Ginger Snaps,2000,108 ,6.8,70,"49,343",$0.00M,/title/tt0210070/,https://www.imdb.com/title/tt0210070/,https://www.imdb.com//title/tt0210070/mediaviewer/rm4024755456/?ref_=tt_ov_i,https://imdb-video.media-imdb.com/vi1588199705/1434659607842-pgv4ql-1563426988622.mp4?Expires=1683977329&Signature=LOiqcTQWcprfuOA87xb5keJc6N9P5Ad2GThqXSjtkrCwNf1eYuZYNmyeu3t-Bxsmw5Nexxq-XO2HdVN~UnD3TO3s318Ybb~MjpMDvMv0MS9de9LYc8fof-sANeizIGU~fatr5jEJ7W2XSgvEsKJWPrs-~W5dRcDk3uCmx9SiK6Jsn2sJLfcOsXZYvzGibU4JmlMgrpW-mYf7~1rfmDZ5AqvzMKtrYPdHhfpMv7vsJ84W7Z2vQRWywNubUeaXa230vlXgasF-uKEqD7cCQ2hPhFKcrLN7m~y2rs91-lomvzYy0wgt6ruZY9oVrfAgHhaFf4HC8edCuNkSr7Tqx~58LA__&Key-Pair-Id=APKAIFLZBVQZ24NQH3KA,DramaFantasyHorror,"Along with the coincidence of stars Katharine Isabelle and Emily Perkins auditioning on the same day, the two actresses were also born in the same hospital, attended the same preschool, elementary school, and private school, worked through the same talent agency, and both guest starred on the show Supernatural.",Emily PerkinsBrigitteKatharine IsabelleGingerKris LemcheSamMimi RogersPamelaJesse MossJasonDanielle HamptonTrinaJohn BourgeoisHenryPeter KeleghanMr. WayneChristopher RedmanBenJimmy MacInnisTimLindsay LeeseNurse FerryWendii FulfordMs. SykesAnn BaggleyMotherGraeme RobertsonToddlerMaxwell RobertsonToddlerPak-Kwong HoJanitor(as Pak-Kong Ho)Bryon BullyHockey KidSteven TaylorPuppy Kid,"      Ginger Snaps      Unleashed      Ginger Snaps Back   The Beginning      May      American Mary      Ginger Snaps   Blood, Teeth and Fur      The Craft      Dog Soldiers      Ginger Snaps      Unleashed - Deleted Scenes      The Faculty      Trick 'r TreatGinger Snaps Back   The Beginning - Deleted Scenes      Slither"
16,Boiler Room,2000,120 ,7.0,63,"54,795",$16.94M,/title/tt0181984/,https://www.imdb.com/title/tt0181984/,https://www.imdb.com//title/tt0181984/mediaviewer/rm2493188096/?ref_=tt_ov_i,https://imdb-video.media-imdb.com/vi1622868249/1434659607842-pgv4ql-1564464552223.mp4?Expires=1683977335&Signature=g5eDb8DcVJSBQGBHWnfNxeYH~C95XB-24HA3jrg6njauMeARWIPi~kfx5pt74cJk04ILTnPsODzybk6gs3t4-cuty7eKePy17ohBcAXCWwwQh7mtQLjdVn0nkWtyBVUQS17n~iw6Bgm~C-SXrGwjQfr-Z-67U-ygSLqNlBzC8dpWu~Bc7ilXkFehvOHKt4MHEPNV4V4aEniek3g1tJXMrV9-MFFCky6JNrLy64FIr5XJOVMdGSutfipmClCOK5akhsE9NhLd5fi~J-0MXmkpUzyMggCb1zOtTXrI4Pf2B0CWj7owSlIC0RC7JIt9W7i466Ww32XNySHGmRJD6i6bjg__&Key-Pair-Id=APKAIFLZBVQZ24NQH3KA,CrimeDramaThriller,"The plot of the movie is loosely inspired in the life of Jordan Belfort, whose biography was later depicted by Martin Scorsese in The Wolf of Wall Street (2013).",Giovanni RibisiSeth DavisVin DieselChris VarickNia LongAbbie HalpertNicky KattGreg WeinsteinScott CaanRichie O'FlahertyRon RifkinJudge Marty DavisJamie KennedyAdamTaylor NicholsHarry ReynardBill SageFBI Agent David DrewTom Everett ScottMichael BrantleyBen AffleckJim YoungJohn GriesemerConciergeDavid YoungerMarcHerbert RussellKid(as Russell Harper)Mark WebberKidChristopher FitzgeraldKidDonna MitchellMrs. DavisAndré VippolisNeil Davis,      Wall Street      Rounders      Wall Street   Money Never Sleeps      Margin Call      Boiler Room      Glengarry Glen Ross      Too Big to Fail      Inside Job      Rogue Trader      Lost in Hollywood      Reindeer Games      Strays
17,Battlefield Earth,2000,118 ,2.5,9,"81,380",$21.47M,/title/tt0185183/,https://www.imdb.com/title/tt0185183/,https://www.imdb.com//title/tt0185183/mediaviewer/rm379436033/?ref_=tt_ov_i,https://imdb-video.media-imdb.com/vi1404633369/1434659607842-pgv4ql-1564495631823.mp4?Expires=1683977341&Signature=TG~WTzRo-iad5cEe6No25HiIHJXZdEVTW9M9ukRWE44NtBocd42qDZLQujwrSVUsDVjY3TC4AvBfD7qIkisXKIHBTpMmVZAwQGsYf6dq5z17KmmOdKzekrrQv7~u6IRw5o~f~9sTMTWUnmWZ7dfyc5LFhaYEdveLYThGqJelKFOrnIXQt6q9921jdkeg7PCynpQYdT0iSrwoV~kVjtSuxUgv~Sc-ZN67HCvQ9VUoRhzpmDkHtb9zMJ30TWOksyJSODsg5ib50BB-R4jYxr6ry2lqT0Z17do7vOS75olzPRvIWeE7xzKQ~UzLhdhYHsqyfAA0RBmIoN19eQ5xiaOMBw__&Key-Pair-Id=APKAIFLZBVQZ24NQH3KA,ActionAdventureSci-Fi,Forest Whitaker expressed his regret for participating in this movie.,John TravoltaTerlForest WhitakerKerBarry PepperJonnie Goodboy TylerKim CoatesCarloSabine KarsentiChrissyMichael ByrneParson StafferChristian TessierMickeySylvain LandrySammyRichard TysonRobert the FoxChristopher FreemanProcessing ClerkJohn ToporProcessing Clerk…Shaun Austin-OlsenPlanetshipTim PostAssistant Planetship…Earl PastkoBartenderMichel PerronRockMichael MacRaeDistrict Manager ZeteTodd McDougallPsychlo WranglerDerrick Damon ReevePsychlo Hoser,      Pledge This!      Alone in the Dark      From Justin to Kelly      The Hottie & the Nottie      House of the Dead      Manos   The Hands of Fate      Turks in Space      Going Overboard      Epic Movie      Birdemic   Shock and Terror      Daniel the Wizard      Elemental
18,Romeo Must Die,2000,115 ,6.1,52,"71,895",$55.97M,/title/tt0165929/,https://www.imdb.com/title/tt0165929/,https://www.imdb.com//title/tt0165929/mediaviewer/rm2500433920/?ref_=tt_ov_i,https://imdb-video.media-imdb.com/vi3632529689/1434659607842-pgv4ql-1563511235415.mp4?Expires=1683977009&Signature=q9pWJStaSqjaYzDAJLVKQMOY-LSfrYz3s7YbRTPP5w5oV0i6FNpYiJJxf9aNt2WPEj5cN1A7~-mo-eZh~sHtEACCQucZrw-ZCvwSThLEtILlnu6hFv58GIuGFdg98OyF3biiBI71RvlpvqqMVCqyg0rO30w607Hz93xsFT95bIChiKbm5kQ5mtv9cMIA4-EHwEsVDEC2EU6XUKt5GZ3pAWonGsJWAmgdv0-Rs2hfWh~5ZGehq1JsmlcC4wLa98ch0Vrs0Imjz~g3ZYvhjNZeut3bQ~6xcu63A7qIrTVTOqyQE~DEUD7ldPKmBfE7QW-OiMdZ1Aw2lDbhvgpzEz~i1g__&Key-Pair-Id=APKAIFLZBVQZ24NQH3KA,ActionCrimeThriller,Jet Li came up with the idea to have Aaliyah fight the lady on the motorcyle during the chase scene.,Jet LiHan SingAaliyahTrish O'DayIsaiah WashingtonMacRussell WongKaiDelroy LindoIsaak O'DayD.B. WoodsideColin(as DB Woodside)Henry OCh'u SingJon Kit LeePo SingEdoardo BalleriniVincent RothAnthony AndersonMauriceDMXSilkMatthew HarrisonDaveTerry ChenKungDerek LoweChinese MessengerRonin WongNew PrisonerByron LawsonHead GuardKendall SaundersColin's GirlfriendBenz AntoineCrabman,      Cradle    the Grave      Kiss of the Dragon    0Unleashed      The One      Fearless      War    0Black Mask      Fist of Legend      Exit Wounds      The Forbidden KingdomRomeo Must Die Again      Hero
19,Shanghai Noon,2000,110 ,6.6,77,"130,890",$56.94M,/title/tt0184894/,https://www.imdb.com/title/tt0184894/,https://www.imdb.com//title/tt0184894/mediaviewer/rm3130956032/?ref_=tt_ov_i,https://imdb-video.media-imdb.com/vi12763417/1434659607842-pgv4ql-1605229495736.mp4?Expires=1683977352&Signature=VJrj3ufjTAoI0UACe5Py9BrbWtkPKb5ZCNo64JeN9b3niEfUiBJCe6PHILkS6CTHi77aQDvd977vhf6gjlRvrAUeOacoqPjCb9K5Jd-Tweuv1ogQEk6w9fXoWTQ2L7NygeuxbxpQUtX3PqkHD~RPBEC3WEmjzyAUyaAS5pCiXk7t5-OCzbrx4KTWbzzsLbK9FsOHdWWSOLILPvkJFPYKNyekjrSKDxZQR1hWIyIQKg6FAPRjvY7vdDQaLcG5W~sinTxezhvnkoTLDmUJMSsYnEz9knFG-poIXf5O2sHl0OzYnhvaGQE3Pbt57xcDawzUDWqrtS9hhghGUjeDLlw8ug__&Key-Pair-Id=APKAIFLZBVQZ24NQH3KA,ActionAdventureComedy,"The English translation of the drinking game song is: One crab with eight feet, painted horns - what a big crab./ Blinking eyes, shrinking head,/ crawling, crawling everywhere./ Two and Two, who should drink?/ Three and three, who drink first?/ Five and Five, who should drink?/ Two and two, you drink first.",Jackie ChanChon WangOwen WilsonRoy O'BannonLucy LiuPrincess Pei PeiBrandon MerrillIndian WifeRoger YuanLo FongXander BerkeleyVan CleefRongguang YuImperial Guard(as Rong Guang Yu)Cui Ya HuiImperial Guard(as Cui Ya Hi)Eric ChenImperial Guard(as Eric Chi Cheng Chen)Jason ConneryAndrewsWalton GogginsWallaceAdrien DorvalBlue(as P. Adrien Dorval)Rafael BáezVasquezStacy GrantHooker in DistressKate LuybenFifiHenry ORoyal InterpreterRussell BadgerSioux Chief(as Russel Badger)Simon BakerLittle Feather,      Shanghai Knights      Rush Hour       0Rush Hour      Rush Hour         Who Am I?      The TuxedoShanghai Dawn      The Medallion      Rumble in the Bronx      The Legend of Drunken Master      Johnny English      Mr   Nice Guy
20,Big Momma's House,2000,99 ,5.2,33,"87,916",$117.56M,/title/tt0208003/,https://www.imdb.com/title/tt0208003/,https://www.imdb.com//title/tt0208003/mediaviewer/rm613814016/?ref_=tt_ov_i,https://imdb-video.media-imdb.com/vi1589248281/1434659607842-pgv4ql-1563642216984.mp4?Expires=1683977356&Signature=GlcFdt~7OD3Keb2Z3cA2YyB3KnFzs4A4C9R~K3gThtItG00Eaof-2W-cEo659vLZI-637vDChNQTJok7mYCxlOgtDVMnbjVigU8tjcjKTVGP6Zh5KdHiFBOWTPMpHp19x2Ef3v5MydDShkf~yTioikI8UUvlhy2f9NEouNBti8KLsQ9-4-W4xLJF-fKYGNKWPKKzKNRZqdSVOnYpF0McJg5l8qPgCVz4L5pj4eTHE7udGz0Zk1zf95Lg8Ho4KxM9qCTQIMWI7Fko5RY4FgqqVtqtK-uoDC1k1VDh9H~TFRci-dX~ynRsPfruzlIOnRSsh5-OxK0YE30LzEhKrpAf1A__&Key-Pair-Id=APKAIFLZBVQZ24NQH3KA,ActionComedyCrime,"Nia Long was in talks to join the cast of Charlie's Angels (2000). She was persuaded to join this film upon receiving a bunch of roses with the attached note ""Come to us where you'll be the only angel.""",Martin LawrenceMalcolm TurnerNia LongSherry PiercePaul GiamattiJohnJascha WashingtonTrent PierceTerrence HowardLester Vesco(as Terrence Dashon Howard)Anthony AndersonNolanElla MitchellHattie Mae Pierce (Big Momma)Carl WrightBen RawleyPhyllis ApplegateSadieStarletta DuPoisMiss PattersonJessie Mae HolmesMiss Other PattersonNicole PrescottLenaOctavia SpencerTwila(as Octavia L. Spencer)Tichina ArnoldRithaCedric the EntertainerReverendPhilip TanKangEdwin HodgeBasketball Teen #1Aldis HodgeBasketball Teen #2,"      Big Momma's House         Big Mommas   Like Father, Like Son      National Security      Blue Streak      The Nutty Professor      Norbit      Black Knight      White Chicks      Little Man      Big Mama      Bad Boys      Bad Boys II"
21,Keeping the Faith,2000,128 ,6.4,60,"52,589",$37.05M,/title/tt0171433/,https://www.imdb.com/title/tt0171433/,https://www.imdb.com//title/tt0171433/mediaviewer/rm3823804160/?ref_=tt_ov_i,https://imdb-video.media-imdb.com/vi3396189721/1434659607842-pgv4ql-1596809990748.mp4?Expires=1683977362&Signature=MFBAqSU-FrB1afEgM-Z4xLxC0-XQE4W9e-KpvM6tOwQ3Loxxxwh5vEmrrzPIk3zAzsIhrwKSdJ0aC7dB9Zd2ftk3mESBKg8O~53fxgGGDGDjF5IeUVwRM3acIJ6zjmYGXejv3srda2rHEpIE4X6G-~hKrnjohIORgeivWOJpDMPCQ99iwm2JmxWB7Hrxsx7~DrE4rK2xUSvqPmQkHkXqWoqTRto-sYf5Y9qPdv~sXMg3uVYXuLtJxiDX~GmMFp2RVb~fg-c-8qYfoSu95JdxNMwk3FH0shEDejfux6hAcBdQ6jR0TY8s7s7A6AaOWzQgiIOCYQOhPIMaMwHaoJE-Ag__&Key-Pair-Id=APKAIFLZBVQZ24NQH3KA,ComedyDramaRomance,Dedicated to star Edward Norton's late mother Robin Norton.,Ben StillerRabbi Jake SchramEdward NortonFather Brian FinnJenna ElfmanAnna RileyAnne BancroftRuth SchramEli WallachRabbi Ben LewisRon RifkinLarry FriedmanMilos FormanFather HavelHolland TaylorBonnie RoseLisa EdelsteinAli DeckerRena SoferRachel RoseKen LeungDonBrian GeorgePaulie ChopraCatherine Lloyd BurnsDebbieSusie EssmanEllen FriedmanStuart BlumbergLenSamuel GoldbergTeenage Jake Schram(as Sam Goldberg)Michael Charles RomanTeenage Brian Finn(as Michael Roman)Blythe AuffarthTeenage Anna Riley,      Death to Smoochy      Leaves of Grass      Edtv      The People vs   Larry Flynt      The Score      Down in the Valley          th Hour      Rounders    0Along Came Polly      Only in America      Duplex      Nurse Betty
22,Quills,2000,124 ,7.2,70,"55,446",$7.06M,/title/tt0180073/,https://www.imdb.com/title/tt0180073/,https://www.imdb.com//title/tt0180073/mediaviewer/rm3187723009/?ref_=tt_ov_i,https://imdb-video.media-imdb.com/vi513671449/1434659607842-pgv4ql-1563724585003.mp4?Expires=1683977366&Signature=DgMnxryKcIbIR9TPmUbCa7Qk-puUiSgyb5wyR8XLPnz2gE6vJRZHppSpp63SxNeowF2560V2yc~XX91mjDrFKxhQo3M2QsMefXzx5vXJKCMHFNL68CKPY~tNgvotbUkpdFMLSBHORxKJU5Tv965WiCvivgFG~2sYkSBogv44vpJZWWsrBAjliZySi8jgBYi7u4ALmZymrXpuIMZBcqdaOeU-7NaKuWRAd1DEhroGmt4DBHGztCR-MhrnNe3W9Kc4S3aoMkr6z-ElAkIlumq-may4TJxnXksltU87Aw1Aco0dlLwDYXEUVujkwA-K0Qdil7-qwuijTnVp6gOd5ye~1Q__&Key-Pair-Id=APKAIFLZBVQZ24NQH3KA,BiographyDrama,"Geoffrey Rush's real-life wife, Jane Menelaus, played de Sade's wife.",Geoffrey RushThe Marquis de SadeKate WinsletMadeleineJoaquin PhoenixCoulmierMichael CaineRoyer-CollardBillie WhitelawMadame LeClercPatrick MalahideDelbenéAmelia WarnerSimoneJane MenelausRenee PelagieStephen MoyerProuixTony PritchardValcourMichael JennCleanteDanny BabingtonPitouGeorge AntoniDauphin(as George Yiasoumi)Stephen MarcusBouchonElizabeth BerringtonCharlotteEdward Tudor-PoleFranvalHarry JonesOrvolleBridget McConnellMadame Bougival(as Bridget McConnel),      Little Children      The Unbearable Lightness of Being      Shine      The Reader      Notes on a Scandal      Elizabeth      Heavenly Creatures    0Iris      Henry & June    0Hideous Kinky      Jude      Holy Smoke
23,Thirteen Days,2000,145 ,7.3,67,"60,368",$34.59M,/title/tt0146309/,https://www.imdb.com/title/tt0146309/,https://www.imdb.com//title/tt0146309/mediaviewer/rm1429355008/?ref_=tt_ov_i,,DramaHistoryThriller,President John F. Kennedy very frequently set up recording machines during meetings at the White House. Much of the dialogue from the movie is taken directly from Kennedy's tapes.,"Kevin CostnerKenny O'DonnellBruce GreenwoodJohn F. KennedyShawn DriscollU-2 PilotDrake CookMark O'DonnellLucinda JenneyHelen O'DonnellCaitlin WachsKathy O'DonnellJon FosterKenny O'Donnell, Jr.Matthew DunnKevin O'DonnellKevin O'DonnellNPIC Photo InterpreterJanet ColemanEvelyn LincolnBruce ThomasFloydStephanie RomanovJacqueline KennedyFrank WoodMcGeorge BundyDakin MatthewsArthur LundahlLiz SinclairKenny's Assistant #1Colette O'ConnellKenny's Assistant #2Karen LudwigOperator MargaretAudrey RapoportWhite House Operator #1",    0JFK      No Way Out      Open Range      Tin Cup      The Postman      Mr   Brooks      A Perfect World      For Love of the Game      The Guardian      Swing Vote      McLaren      Wyatt Earp
24,Dracula 2000,2000,99 ,4.9,26,"35,044",$33.02M,/title/tt0219653/,https://www.imdb.com/title/tt0219653/,https://www.imdb.com//title/tt0219653/mediaviewer/rm2002458112/?ref_=tt_ov_i,https://imdb-video.media-imdb.com/vi3773734425/1434659607842-pgv4ql-1564469182483.mp4?Expires=1683977375&Signature=MMb68SKgidOmWB2zY58VJ7yyslQp02AufqLUZUnehZCMqcgy5xAwb8yOh-sPob75wxUZwvjPA2RGTXPBRv6yw0N~MumGVxj2rNV0YxoYT1jCeKBdi2WRhE9UqAUgSiR3QqdY3NWIr5UJa9StvJv4JFdhDUoh5S5ePd0sZlHnn2-MmFoPLOI4QUPw-YULoKSiGTuEDLUXywtRc4x0m2wCyBd7yOIF5OJbEKytx-RhkGlMvyEAbzYJhDVZihVs69HAuiN4L75wSMv--vHfzpaQiazZ2yJ~7vLKXg117T9gSPEzyOQLm9QWfeKXvsnHrYMm57UaR502t3ssylVd~QPVjg__&Key-Pair-Id=APKAIFLZBVQZ24NQH3KA,ActionFantasyHorror,"(at around 1h) The line in the film where Jonny Lee Miller playing Simon Sheppard says, ""Never, ever fuck with an antiques dealer,"" was a line the actor would say on set as a joke. The director liked it and incorporated it into the scene.",Gerard ButlerDraculaJustine WaddellMary Heller-Van HelsingJonny Lee MillerSimon SheppardChristopher PlummerAbraham Van HelsingVitamin CLucy Westerman(as Colleen Ann Fitzpatrick)Jennifer EspositoSolinaOmar EppsMarcusSean Patrick ThomasTrickDanny MastersonNightshadeLochlyn MunroEddieTig FongDaxTony MunchCharlieJeri RyanValerie SharpeShane WestJTNathan FillionFather DavidTom KaneAnchor ManJonathan WhittakerGautreauxRobert VerlaqueDr. Seward,      Dracula II   Ascension      Dracula III   Legacy      Queen of the Damned      Dracula Untold      Dracula   000      Dracula      The Prophecy      The Ascent    0Mimic      Dracula      Dracula      Dracula      Dracula
25,Pay It Forward,2000,123 ,7.2,40,"121,208",$33.52M,/title/tt0223897/,https://www.imdb.com/title/tt0223897/,https://www.imdb.com//title/tt0223897/mediaviewer/rm1417844992/?ref_=tt_ov_i,https://imdb-video.media-imdb.com/vi3617259801/1434659607842-pgv4ql-1563763573106.mp4?Expires=1683977380&Signature=mN~abikBcaIFBiTuEyFBAbFgyJRVAmPA16qsWShW02ktq2kohYxvjUU6B3O2qnzZVa3G1sIVcH5nYDio03M4oU9tIpaOqdKMuUq24SnTSzICoXOxqAKdHnhNzbcR1uFpqLvg3ERJpgkd6KjoCZSatiaHrSQtYEnOTEahDsGXCZ076qTFjedIUWzbsky2wg7WPDVzjs9p6FwuHdqg~mRVvp4uc09zAJZCPBB~K6XFZjcmpL3gzEt2KaPtdNmur2d~dSXaav51-oH3rmzDRsNL3ZJXWJRwD00itb8ik9Pb~LYTmAHXTzs8-kI8D2aqxY00H93dG7hmqaAFnXIkLu2lzQ__&Key-Pair-Id=APKAIFLZBVQZ24NQH3KA,Drama,"In the scene where Helen Hunt's character strikes her son Trevor across the face, Haley Joel Osment requested that she actually hit him to make it seem more realistic. However, director Mimi Leder declined to allow that to happen in the film.",Kevin SpaceyEugene SimonetHaley Joel OsmentTrevor McKinneyHelen HuntArlene McKinneyJay MohrChris ChandlerJim CaviezelJerry(as James Caviezel)Jon Bon JoviRicky McKinneyAngie DickinsonGraceDavid RamseySidney ParkerGary WerntzMr. ThorsenColleen FlynnWoman on BridgeMarc DonatoAdamKathleen WilhoiteBonnieLiza SnyderMichelleJeannetta ArnetteNurseHannah LederThorsen's Daughter(as Hannah Werntz)Tina LiffordPrincipalLoren D. BaumRough Kid #1Nico MatinataRough Kid #2,      Patch Adams      K-PAX      The Life of David Gale      The Bucket List      I Am Sam      What Dreams May Come      A  I   Artificial Intelligence      Kops      Bicentennial Man      Mrs   Doubtfire      Men of Honor      What Women Want
26,Titan A.E.,2000,94 ,6.6,48,"62,463",$22.75M,/title/tt0120913/,https://www.imdb.com/title/tt0120913/,https://www.imdb.com//title/tt0120913/mediaviewer/rm2987137793/?ref_=tt_ov_i,https://imdb-video.media-imdb.com/vi3268133145/1434659607842-pgv4ql-1605874234656.mp4?Expires=1683977385&Signature=LvM1LwOi2jObZDWdTODKMRQoRsCQ33Ray2jyydr6KNCXcF3F2rGeceikwgWg0wavd65dMDxDpYtBeb~PWHST9xgomy3l8E2zXUg6C-hcJSB4Lii24sjGSKyUc1Q0HtRDbM~I9egh1AOobW1~QF95BGQqcDgZGM7q-yI4q4wzsTXNNjdEsHWw8P9qLJeZG-LOGmiEuyXzgRbYtKx2R7KLNBscu84S2sbnix52sO42tGJ3QkXGm9nPtmkPHp2kepx-gIzUU8IHrgETUVkLhK5hiOvE6iG8Jith1-z2cjdfrO-kQYocy6ep0rf1~MGTBUWzSedkzTyjLSrMS8HX7tpZew__&Key-Pair-Id=APKAIFLZBVQZ24NQH3KA,AnimationActionAdventure,"For a preview screening on 6 June 2000 in Atlanta, this movie was transmitted in digital form from the studio, across the Internet, to the digital projector at the theater. It never once touched film, and was the first major Hollywood film to be publicly previewed that way.",Matt DamonCale(voice)Drew BarrymoreAkima(voice)Bill PullmanKorso(voice)Jim BreuerThe Cook(voice)Ken Hudson CampbellPo(voice)(as Ken Campbell)Thomas A. ChantlerMale Announcer(voice)Tsai ChinOld Woman(voice)Elaine A. ClarkCitizen(voice)Roy ConradSecond Human(voice)Jim CummingsChowquin(voice)Janeane GarofaloStith(voice)Leslie HedgerFirst Human(voice)Roger JacksonFirst Alien(voice)(as Roger L. Jackson)David L. LanderThe Mayor(voice)Nathan LanePreed(voice)John LeguizamoGune(voice)Alex D. LinzYoung Cale(voice)Tone LocTek(voice)(as Tone-Lõc),      Treasure Planet      The Secret of NIMH      Atlantis   The Lost Empire      An American Tail      All Dogs Go to Heaven      The Land Before Time      Anastasia      Antz      The Road to El Dorado      The Black Cauldron      Bartok the Magnificent      Sinbad   Legend of the Seven Seas
27,Shaft,2000,99 ,6.0,50,"78,669",$70.33M,/title/tt0162650/,https://www.imdb.com/title/tt0162650/,https://www.imdb.com//title/tt0162650/mediaviewer/rm1110586112/?ref_=tt_ov_i,,ActionCrimeThriller,Take a look back at Samuel L. Jackson's movie career in photos.,"Samuel L. JacksonJohn ShaftVanessa WilliamsCarmen VasquezChristian BaleWalter Wade, Jr.Jeffrey WrightPeoples HernandezBusta RhymesRasaanDan HedayaJack RoselliToni ColletteDiane PalmieriRichard RoundtreeUncle John ShaftRuben Santiago-HudsonJimmy GrovesJosef SommerCurt FlemingLynne ThigpenCarla HowardPhilip BoscoWalter Wade, Sr.Pat HingleHon. Dennis BradfordLee TergesenLugerDaniel von BargenLt. Kearney(as Daniel Von Bargen)Francisco 'Coqui' TaverasLuciferSonja SohnAlicePeter McRobbieLt. Cromartie",      Shaft      Shaft      Shaft in Africa      Shaft    0Shaft's Big Score!      Reign of Fire      Shaft         The Negotiator      Four Brothers      Bad Boys II      Bad Boys    0S  W  A  T  
28,Finding Forrester,2000,136 ,7.3,62,"87,673",$66.40M,/title/tt0181536/,https://www.imdb.com/title/tt0181536/,https://www.imdb.com//title/tt0181536/mediaviewer/rm3037435904/?ref_=tt_ov_i,https://imdb-video.media-imdb.com/vi4146706457/1434659607842-pgv4ql-1563434624242.mp4?Expires=1683977395&Signature=nmkW8BK7XB6~NyQBTrJx25C4hmz2S7mrZSmlojA5PQrEM0rzPOthVMv23y41vtwxeHUO0B0kJu1YcSRWLLR9XQlgOAyqM1LXrpCJ~6F-~fcvPoSzeuLogJ-f0LwXTUzGxj5btmvxI5z8Kivij-i8n7rLoMxm9kKc15qlHhniyAaDg1rPnGGW1zFTzfisX1Q42tF1JjTQILFID5CTzYrbepm1AkJBUDuJ6ewPaM5zfkA-p7-Zvd-YasexkMcahFmQqjFtilrdlhhHCan~30Se0c9KJfQ1HsW3YBkQuk5wou8HOWV5aeSjJUMI8IBajWXyahuIWeBJWWuP650nowOqNA__&Key-Pair-Id=APKAIFLZBVQZ24NQH3KA,Drama,"Rob Brown got the role after initially auditioning as an extra. Brown had no aspirations of being an actor, and was only hoping to make some money to pay his $300 cell phone bill. But director Gus Van Sant invited him to audition for the role of Jamal, and liked his natural ability.",Sean ConneryForresterRob BrownJamalF. Murray AbrahamCrawfordAnna PaquinClaireBusta RhymesTerrellApril GraceMs. JoyceMichael PittColeridgeMichael NouriDr. SpenceRichard EastonMatthewsGlenn FitzgeraldMassieLil' ZaneDamon(as Zane Copeland Jr.)Stephanie BerryJaniceFly Williams IIIFlyDamany MathisKenzoDamion LeeClayTom KearnsCoach GarrickMatthew Noah WordHartwellCharles BernsteinDr. Simon,      The Legend of Bagger Vance      Entrapment    0Medicine Man    0First Knight      Rising Sun      DragonHeart      The Name of the Rose      My Own Private River      Promised Land    0GerryFinding Forrester    0A Good Man in Africa
29,Red Planet,2000,106 ,5.7,34,"58,990",$18.00M,/title/tt0199753/,https://www.imdb.com/title/tt0199753/,https://www.imdb.com//title/tt0199753/mediaviewer/rm640980992/?ref_=tt_ov_i,,ActionSci-FiThriller,"Val Kilmer and Tom Sizemore began feuding during production. According to reports, it all began when Kilmer got annoyed about a fancy exercise machine that Sizemore wanted shipped from England to the set in Australia. Eventually the two hated each other so much, Kilmer would not come out of his trailer if Sizemore was on the set. Many of their scenes together were filmed over the shoulders of photo doubles. Kilmer reportedly refused to say Sizemore's character's name, saying instead ""Hey, you!""",Val KilmerGallagherCarrie-Anne MossBowmanTom SizemoreBurchenalBenjamin BrattSantenSimon BakerPettengilTerence StampChantilasJessica MortonWebsite FanCaroline BossiWebsite FanBob NeillVoice of Houston(voice)Neil RossSpace Suit(voice)(uncredited),
30,Space Cowboys,2000,130 ,6.5,73,"83,579",$90.46M,/title/tt0186566/,https://www.imdb.com/title/tt0186566/,https://www.imdb.com//title/tt0186566/mediaviewer/rm2799409408/?ref_=tt_ov_i,https://imdb-video.media-imdb.com/vi428146969/1434659607842-pgv4ql-1563976646365.mp4?Expires=1683977404&Signature=IR79Xzevclo1z0NQcA-VsdFczd9xeZD70ss5GJpZPi1EI3mBwxFFQ-mKXgBTwbJPnhfMAIwxjBOZKSLNbPqS~Uhfqk2QnIzSx25QEiSosDvBc6vxMgOkk9aVafvL3I0EnSu~5QKRehtQOAztfHHsnRSFxCyWCcbcrcvRJUTW28AjxN2-qWfj~LNIXIp0-5THt0WXcelOqUDKhVHB8uWN7RWw6vAX83peOCFz3oaMgl6AyXURLG5f0XEy18q~qZcK7hNiGWic4UUcMdNijhgFQ0X7WeRutiFaCkPPJT9IinAj~BJlA5MNcKmkUL~9ZTsu46NLvDetDk7muBYF9ExTAA__&Key-Pair-Id=APKAIFLZBVQZ24NQH3KA,ActionAdventureThriller,"Filming was hard on the actors: James Garner dislocated his shoulder, and Donald Sutherland cracked a knee.",Clint EastwoodFrank CorvinTommy Lee JonesHawk HawkinsDonald SutherlandJerry O'NeillJames GarnerTank SullivanJames CromwellBob GersonMarcia Gay HardenSara HollandWilliam DevaneEugene DavisLoren DeanEthan GlanceCourtney B. VanceRoger HinesBarbara BabcockBarbara CorvinRade SerbedzijaGeneral Vostov(as Rade Sherbedgia)Blair BrownDr. Anne CaruthersJay LenoJay LenoNils Allen StewartTinyDeborah JollyCocktail WaitressToby StephensYoung FrankEli CraigYoung HawkJohn AsherYoung Jerry(as John Mallory Asher),      Blood Work      Absolute Power      In the Line of Fire      True Crime      Sudden Impact      Heartbreak Ridge      A Perfect World      The Dead Pool      Pale Rider    0The Mule      The Bridges of Madison County      Magnum Force
31,The 6th Day,2000,123 ,5.9,49,"124,920",$34.60M,/title/tt0216216/,https://www.imdb.com/title/tt0216216/,https://www.imdb.com//title/tt0216216/mediaviewer/rm1218196225/?ref_=tt_ov_i,,ActionMysterySci-Fi,This movie is Terry Crews's film debut.,Arnold SchwarzeneggerAdam GibsonMichael RapaportHank MorganTony GoldwynMichael DruckerMichael RookerRobert MarshallSarah WynterTalia ElsworthWendy CrewsonNatalie GibsonRodney RowlandP. Wiley(as Rod Rowland)Terry CrewsVincentKen PogueSpeaker DayColin CunninghamTrippRobert DuvallDr. Griffin WeirWanda CannonKatherine WeirTaylor ReidClara Gibson(as Taylor Anne Reid)Jennifer GareisVirtual GirlfriendDon McManusRePet SalesmanSteve BacicJohnny PhoenixChristopher LawfordPolice LieutenantMark BrandonRePet Spokesman,      Eraser      End of Days      Last Action Hero      Collateral Damage      Red Heat      The Running Man      Raw Deal      Commando      Kindergarten Cop      Total Recall      Twins      Junior
32,Center Stage,2000,115 ,6.7,52,"22,127",$17.17M,/title/tt0210616/,https://www.imdb.com/title/tt0210616/,https://www.imdb.com//title/tt0210616/mediaviewer/rm4010469889/?ref_=tt_ov_i,https://imdb-video.media-imdb.com/vi1891434777/1434659607842-pgv4ql-1564081507824.mp4?Expires=1683977415&Signature=PeJsZhWr65fkKfP7weGKRaqBfVonT2AEqbxCOlK0P5sQsgM6h498UrqduMwSFFwr3s~RaCyhiBf6yGaRBHCcZuoSjNZpsPJatnvDYxTeFW0LlDARhpr99uugwWd4fjHmOLe4NJJ8QQeuVhbjiX8d2GdJolFY-4JaImXdC6omhk~LfyltMACmQykJXo9G9cCob77QRk3dSkcnM3KAAc3Quao0~1pWprQJ4otn0KbZOED4v5hDnIV-G11ncu3-yCO5ibHhFW63DGjqEGCQT9pCzPKdD0GAm3PgkjV~leiDCvrOMfb7oeCNCUZZz-sG7UpdPJ1q~kCGnVBrgX~CVMerxg__&Key-Pair-Id=APKAIFLZBVQZ24NQH3KA,DramaMusicRomance,"Susan May Pratt, who plays the best dancer in the school, Maureen Cummings, had no ballet training before being cast.",Amanda SchullJodyEthan StiefelCooperSascha RadetskyCharlieChristine DunhamAudition TeacherStephen StoutMr. SawyerMaryann PlunkettMrs. SawyerLaura HicksNervous MotherBarbara CarusoABA ScoutJeff HayengaABA Scout(as Jeffrey Hayenga)Zoe SaldanaEva(as Zoë Saldana)Victor AnthonyThomasKaren ShalloMother at AuditionCarlo AlbanEva's FriendGiselle DalyEva's FriendSusan May PrattMaureenShakiem EvansErik(as Shakiem Evens)Ilia KulikSergeiPeter GallagherJonathan,    0Center Stage   Turn It Up      Center Stage   On Pointe      Save the Last Dance      Honey      Step Up      Bring It On      Coyote Ugly      Flesh and Bone      The Sisterhood of the Traveling Pants      Ever After   A Cinderella Story           Going on   0   Bloopers      Burlesque
33,Baise-moi,2000,77 ,4.4,35,"18,115",$0.01M,/title/tt0249380/,https://www.imdb.com/title/tt0249380/,https://www.imdb.com//title/tt0249380/mediaviewer/rm1749981440/?ref_=tt_ov_i,,CrimeDramaThriller,"In Canada, the Ontario Film Review Board originally banned the film because it was too pornographic. The film was re-submitted under a pornographic license, and banned because it was too violent. By then it had been selected for the Toronto Film Festival, and was approved in British Columbia and Québec. On March 8, 2001, the Ontario Film Review Board approved the film, with an R rating.",Raffaëla AndersonManuKaren LancaumeNadine(as Karen Bach)Céline BeugnotLa blonde au billardAdama NianeLe garçon au billardChristophe Claudy LandryLe mec au comptoirTewfik SaadLe serveur barDelphine McCartyLa colocataire(as Delphine Mc Carty)Ouassini EmbarekRadouanPatrick Kodjo TopouWanted(as Patrick-Kodjo Topou)Simon NahoumSu copainKarim ChalaSu copainLisa MarshallLa copine de ManuHacène BeddrouhLa frère de ManuPatrick EudelineFrancisIan ScottMec 1 violPhilippe HouillezMec 2 violSteven JhonssonMec 3 violGil StuartLe client Nadine,      Anatomy of Hell         Songs      Romance      Portraits of Andrea Palmer      In the Realm of the Senses    0The Principles of Lust      Diet of Sex      Shortbus      The Voyeur      Pola X      All About Anna      We Are the Flesh
34,Love & Basketball,2000,124 ,7.2,72,"22,870",$27.44M,/title/tt0199725/,https://www.imdb.com/title/tt0199725/,https://www.imdb.com//title/tt0199725/mediaviewer/rm2572982528/?ref_=tt_ov_i,https://imdb-video.media-imdb.com/vi697762073/1434659607842-pgv4ql-1564125328805.mp4?Expires=1683977426&Signature=oUto-80FoBFesAKL1FER7qCHKtjsJFlE3He9U2xylZcEwnyGzIyKefm8U80FUGiOt6FNAshyBIfPbKGpRaocrngTwDZKMazWWxUGqiLk3C~lDzqBxXijBKyH-w1VqOHf4dRh8PUBTpG8EAWvVAOhwYRzBxitagJ5Q9NDZvE6PFD89EFVFXxZnJ1IaQ~Y3r6U4wYcw81dX~RnYdmGRDqFpXL0oSK-vFrdboY6uArEkopBJS9euT-7P8gf6xHC~YxaZq~7BWDmr86LhNgddoc4J9c8qH300oN2Us60wpiv49dXDn~oG4qCSb3Cc0KcqDSGNTP7xNcK9dlW9OKFyded0A__&Key-Pair-Id=APKAIFLZBVQZ24NQH3KA,DramaRomanceSport,"Producer Spike Lee believed the female lead should have believable basketball skills. Gina Prince-Bythewood said in an interview ""I saw over 700 people for the part: actors, ballplayers, people who had never acted before in their life. It finally came down to Sanaa Lathan and Niesha Butler [a star player at Georgia Tech and 1999 Atlantic Coast Conference rookie of the year]. I put Sanaa with a basketball coach for two months and Niesha with an acting coach.""",Sanaa LathanMonica WrightOmar EppsQuincy McCallGlenndon ChatmanYoung QuincyJess WillardJamalChris WarrenKelvin(as Chris Warren Jr.)Kyla PrattYoung MonicaAlfre WoodardCamille WrightNaykia HarrisYoung LenaHarry LennixNathan WrightDebbi MorganNona McCallDennis HaysbertZeke McCallColleen MatsuharaUCLA CoachAl FosterCoach HisermanNathaniel Bellamy Jr.Highschool Referee #1(as Nathaniel Bellamy)Regina HallLena WrightShar JacksonFeliciaGabrielle UnionShawneeJames DuMontReporter,      Brown Sugar    0The Wood      The Best Man      Love Jones      Set It Off    0Juice      Poetic Justice    0Soul Food      Beyond the Lights      The Best Man Holiday      Baby Boy      Above the Rim
35,The Flintstones in Viva Rock Vegas,2000,90 ,3.7,27,"24,368",$35.27M,/title/tt0158622/,https://www.imdb.com/title/tt0158622/,https://www.imdb.com//title/tt0158622/mediaviewer/rm1337463808/?ref_=tt_ov_i,https://imdb-video.media-imdb.com/vi3118858521/1434659607842-pgv4ql-1564201984008.mp4?Expires=1683977431&Signature=dvF6534Ee3TfQA5fSTkC4Pizn3MuHksorAfC9sDYAmO4t~HvUNG~rF0yvP92hmO1xYo5h8IQ0g2f~7U7IzleI5NVIU3HVgiLUh~O5ACP8Lonz6KgKw23DKSmN26W02h3hsBDLNZBPgQyuMqOGlek4UZfAnhXnoPWS411eMNp8w0IGZoKf6iKzEbbHYld4Z5CEjL-RM1meqo4PQeglVe3Y2H3uqNYc8RD-phgPw5eIpjLhNpTzb3J2AMMMiRge1HBbpelD0XA5rW1FOlLhsN~B7ev6MDhvjQ5p~4Dl0Kt4nml2DltuFz5gbEDy4vR5CQsk60goln6b9C2rszv6NNrrQ__&Key-Pair-Id=APKAIFLZBVQZ24NQH3KA,ComedyFamilyRomance,"Although he died eleven years prior to this movie's release, Mel Blanc received credit for the voice of Baby Dino. The voice was re-used from The Flintstones (1960).",Mark AddyFred FlintstoneStephen BaldwinBarney RubbleKristen JohnstonWilma SlaghoopleJane KrakowskiBetty O'ShaleJoan CollinsPearl SlaghoopleThomas GibsonChip RockefellerAlan CummingGazoo…Harvey KormanColonel SlaghoopleAlex MenesesRoxieJohn TaylorKeith RockhardTony LongoBig RockoDanny WoodburnLittle RockoTaylor NegronGazaam & GazingJack McGeeBronto Crane ExaminerDavid Jean ThomasBronto Crane Examiner(as David Jean-Thomas)Brian CoughlinBronto Crane WorkerRichard KarronBronto CraneGary EppDean Agate,    0The Flintstones      The Flintstones      The Jetsons Meet the Flintstones      Leave It to Beaver      Jetsons   The Movie      Look Who's Talking Now      Beethoven      Daddy Day Camp      George of the Jungle      The Adventures of Sharkboy and Lavagirl   -D      Richie Rich      Beethoven's   nd
36,Vertical Limit,2000,124 ,5.9,48,"63,160",$69.24M,/title/tt0190865/,https://www.imdb.com/title/tt0190865/,https://www.imdb.com//title/tt0190865/mediaviewer/rm1714788352/?ref_=tt_ov_i,https://imdb-video.media-imdb.com/vi344966169/1434659607842-pgv4ql-1677621731651.mp4?Expires=1683977437&Signature=aS218Zqb~ZJ7D0b30dS1ZtoqtOL5iYuD-Nkj~xV7HEdUDsaR~Sh5K3rkwtB2Bg1GhrBDWemDobdyhikQF2GEElbz-n4JCHWDyeXWLhDRtGxvPZiM8rIeJlTrmnUJ9hV3fhfm3IMvRtIS1pjVcWK4sps8GRy3tYv4sNED-LU-LbNlnWITJ7yHK1rjRf~g~fFv8zObswJnPfyt~HJSu7CTOZhnNju42iDM59lcj1zdYq7oz5Qweir1HS9pE1QdqvV8wiXnZPeGyVcEWTVQzn3uebvcobyY5IspRKtvW24Jde94nl--rzfebwFeG5LTDWkyK4bUoBzNzxnJFBQvq332dQ__&Key-Pair-Id=APKAIFLZBVQZ24NQH3KA,ActionAdventureDrama,The well-known climber Ed Viesturs plays himself in the movie. He also worked as a trainer for the actors.,Scott GlennMontgomery WickChris O'DonnellPeter GarrettBill PaxtonElliot VaughnRobin TunneyAnnie GarrettStuart WilsonRoyce GarrettAugie DavisAzizTemuera MorrisonMajor RasulRoshan SethColonel Amir SalimAlejandro Valdes-RochinSergeant AsimNicholas LeaTom McLarenRod BrownAli HasanSteve Le MarquandCyril BenchBen MendelsohnMalcolm BenchIzabella ScorupcoMonique AubertineEd ViestursSelfRobert TaylorSkip TaylorAlexander SiddigKareem NazirClinton BeavanWNN Cameraman,      Cliffhanger      K        The Perfect Storm    0Dante's Peak      Twister      The Mask of Zorro      End of Days      Volcano      Everest      Deep Blue Sea      Hollow ManVertical Limit
37,Gossip,I 2000,90 ,5.9,31,"17,037",$5.11M,/title/tt0176783/,https://www.imdb.com/title/tt0176783/,https://www.imdb.com//title/tt0176783/mediaviewer/rm609620737/?ref_=tt_ov_i,https://imdb-video.media-imdb.com/vi3987341593/1434659607842-pgv4ql-1564099369449.mp4?Expires=1683977442&Signature=g4dnM3dTSJEvU~igcOjR5btueD9FComkHqA3-rtO4wb46jb1JzMyWbc89iC3onjUGw0lDoRHuwrG3Dg4ZE8OPWk7TqXYGqZJFp60fP3UIfwZWbqZc8YXmFnxpSLwY8FKgNUMSJ1by1X~ZgFZAkEcxIdGtMVnKcVaO3ZBnU2JmbfPUWsDxo4t7weVLF2E-CfJuV1UQELIiJLkt4bU1XF~cTRsjyHTk6x1Nvixuhr2aJOclbJaclWb55h8kJYHnjeSbKt2YXxW0y~HY9reVAPkDkezGVl1oHXsHy8Rh16~hg2h3wd~Ul-kao-cRJnIlKgoZ4yxMeGWjJuD~UN7l8Ad9w__&Key-Pair-Id=APKAIFLZBVQZ24NQH3KA,DramaMysteryThriller,The university that the students attend was also used as the setting for several other films including Urban Legend (1998) and The Skulls (2000). Coincidentally all three films starred Joshua Jackson.,James MarsdenDerrick WebbLena HeadeyCathy JonesNorman ReedusTravisKate HudsonNaomi PrestonEric BogosianProfessor GoodwinEdward James OlmosDetective CurtisJoshua JacksonBeau EdsonSharon LawrenceDetective KellyMarisa CoughlanSheilaKwok-Wing LeungChinese ManMifDoormanPoeFemale SingerVicky LambertClub DancerKenya MasseyClub DancerNoam JenkinsBartenderStephanie Anne MillsRebecca Lewis(as Stephanie Mills)Raven DaudaAndreaKristin BoothDiane,      Disturbing Behavior      Teaching Mrs   Tingle      The Skulls      Dead Man's Curve      Urban Legend      Gossip      The in Crowd      On the Edge of Innocence      Floating      The Faculty      Cherry Falls      Ricochet River
38,Wonder Boys,2000,107 ,7.2,74,"65,353",$19.39M,/title/tt0185014/,https://www.imdb.com/title/tt0185014/,https://www.imdb.com//title/tt0185014/mediaviewer/rm4002427137/?ref_=tt_ov_i,https://imdb-video.media-imdb.com/vi2179072281/1434659607842-pgv4ql-1564541426828.mp4?Expires=1683977446&Signature=tsSOR62GvdR4u3eqr2eqZgH9ZV6OeRcfMJ9Ok8H0XyDx5fUUcAMAhdx~O9RUv-jokmK0QZBuExFasJ3X40trXNSp0Jca3ZWvZRi9kySXOAWzV99Gtd8PbFhuunQgtM~Ms8bQDXSt~B0FzF3Ow45gsmag66aPxg3yhlp3UnVAGvzt4s6KjTbrhhORxlmLo5at2Ufezn2rCtnLq4QFpeSfRvfb2pjMZsY1dwDjj2kukKvjnPcs-dAcoaTMiTVzXAnEvIW6k1~JKx5f8vTCsm-BJJFr5kwfdbSWXJxrchXv2m32FCOF4ibikQPJ1o2ZKoriIhC9sm81aeS1-xv-BXbh~A__&Key-Pair-Id=APKAIFLZBVQZ24NQH3KA,ComedyDrama,"Curtis Hanson was a longtime fan of Bob Dylan, and personally approached the singer about writing a song for his movie adaptation. Dylan complied with ""Things Have Changed"", which went on to win him an Academy Award.",Michael DouglasGrady TrippTobey MaguireJames LeerFrances McDormandSara GaskellRobert Downey Jr.Terry CrabtreeKatie HolmesHannah GreenRip TornQRichard KnoxVernon HardappleJane AdamsOolaMichael CavadiasMiss SloviakRichard ThomasWalter GaskellAlan TudykTraxlerPhilip BoscoEmily's FatherGeorge GrizzardFred LeerKelly BishopAmanda LeerBill VelinOfficer PupcikCharis MichelsenCarrieYusuf GatewoodHowardJune HildrethEmily's Mother,      The Ice Storm      Pleasantville      The Cider House Rules    0Latter Days      High Fidelity      Election      Lucky You      To Die ForWonder Boys      Friends & Lovers      The Singing Detective      Chasing Mavericks
39,Return to Me,2000,115 ,6.9,54,"21,806",$32.66M,/title/tt0122459/,https://www.imdb.com/title/tt0122459/,https://www.imdb.com//title/tt0122459/mediaviewer/rm1168685824/?ref_=tt_ov_i,https://imdb-video.media-imdb.com/vi4075929881/1434659607842-pgv4ql-1602694149560.mp4?Expires=1683977452&Signature=kwL9JgkBLO7NSu-FA-F3pHAQ4rD2gd8pm9wrtXQva0lZ1QYQ2SXfT2e3SWgAhbVFB8h9bsaV23ZSm9ptFkP-IqU8Lff2e-fzrVuI9F62RzkH2t6bSX3HydSYoJeUWGRwsEDzh4sprlu7yQxtrsx9Q0EohI4dlWMUELhIbPTH9DM9UGdmPkgQvBr20PJeluZin~oB2JYXStCTajCE0X36J-t8lfaR1sRKoslAn71yO75XBEhYYBA47-ggz689FyISo4ezGoAxhmUgSsGO5efURsqDScaYFAcJmBa5RCSw75b6K~2zYQjPZvkrfuyAPttvyYYNYc2UVO4HVqL8~XuMRg__&Key-Pair-Id=APKAIFLZBVQZ24NQH3KA,ComedyDramaRomance,Bonnie Hunt's brother is a physician at Michael Reese Hospital in Chicago. He arranged for the hospital to be used as a setting in the film.,David DuchovnyBob RuelandMinnie DriverGrace BriggsCarroll O'ConnorMarty O'ReillyRobert LoggiaAngelo PardipilloBonnie HuntMegan DaytonDavid Alan GrierCharlie JohnsonJoely RichardsonElizabeth RuelandEddie JonesEmmett McFaddenJim BelushiJoe Dayton(as James Belushi)Marianne MuellerleileSophieWilliam BronderWally JatczakBrian HoweMikeChris BarnesJeffAdam TanguayAdam DaytonKarson PoundKarson DaytonTyler SpitzerTyler DaytonLaura LarsenLaura DaytonAustin Samuel HibbsAustin Dayton,      Circle of Friends      Sabrina      The Cutting Edge      My Big Fat Greek Wedding      Fools Rush In      The Truth About Cats & Dogs      Trust the Man      While You Were SleepingReturn to Me      Serendipity      One Fine Day    0Someone Like You
40,Yi yi,2000,173 ,8.1,94,"26,116",$1.14M,/title/tt0244316/,https://www.imdb.com/title/tt0244316/,https://www.imdb.com//title/tt0244316/mediaviewer/rm1766540800/?ref_=tt_ov_i,https://imdb-video.media-imdb.com/vi2271526425/1434659607842-pgv4ql-1596209626040.mp4?Expires=1683977457&Signature=ts-A1~MgEMSw1ln4L5ZKbcwUOzFU0nBZgVsSqNWMF4N1DZr4kv1UGgR6tGNfGthEI6hoejNAI4c4ie6i1Oa3FqotbSTieP3qVTCMmxdjxCSUoZ~KPvrvb3Rco985NCQ61VU7~~O-TPoc98S2uqIe-ttfTawKO1SSxmLxdxTkuXnkKz4sK1fE1AYzj~N-ixsV5PNdzhT3cc7KfddVQ8KuMJTGw~o5BBlRPjMTh~l~w2Ik9e5WDMIeIrRahxF0YXasMc2I2OXEJUbjEO24d96sqU89w46wTOsgH05E-wNw4R0d0qEi3TfWgHmdtLycvl-WPAPAd2UrLHjlaGXlKfQSBA__&Key-Pair-Id=APKAIFLZBVQZ24NQH3KA,DramaRomance,"Although Yi Yi: A One and a Two... (2000) is often regarded as one of the greatest Taiwanese films ever made, it was not officially released to the public in Taiwan until 2017.",Nien-Jen WuN.J.(as Nianzhen Wu)Elaine JinMin-MinIssei OgataMr. OtaKelly LeeTing-TingJonathan ChangYang-YangHsi-Sheng ChenA-Di(as Xisheng Chen)Su-Yun KoSherry Chang-Breitner(as Suyun Ke)Chuan-cheng TaoDada(as Michael Tao)Shu-shen HsiaoXiao-Yan(as Shushen Xiao)Meng-chin 'Adriene' LinLili(as Adrian Lin)Pang Chang YuPangzi(as Yupang Chang)Ru-Yun TangGrandma(as Ruyun Tang)Shu-Yuan HsuMrs. Jiang(as Shuyuan Xu)Hsin-Yi TsengYunyun(as Xinyi Zeng)Yung-Feng LeeMigo(as Yungfeng Li)Shi-hui ChinNancy(as Shihui Jin)Jie WuWu JieKuo-Chih ShuShu Ge(as Guozhi Shu),      A Brighter Summer Day      The Terrorizers      Farewell My Concubine      Taipei Story      To Live      In the Mood for Love    0Chungking Express      Du li shi dai      Ma jiang      Love Letter      Happy Together    0Nobody Knows
41,Proof of Life,2000,135 ,6.3,45,"57,961",$32.60M,/title/tt0228750/,https://www.imdb.com/title/tt0228750/,https://www.imdb.com//title/tt0228750/mediaviewer/rm267099904/?ref_=tt_ov_i,https://imdb-video.media-imdb.com/vi3114074393/1434659607842-pgv4ql-1563716248089.mp4?Expires=1683977462&Signature=WcpvBCEiuPR9rWnDAs5R4tMfyFYpgSqYbFA~YkYqoCgSHOLlOOMn2OTSkxeHmRrgTQAcTbrVPuhlZbS-GntfWohzM8o7xUJic7P3GgdHPGceI7dnOlwopzygdOhe9h~zrPbduqGg71Y5P9uhDeeFH0nD8p64yujLBOG2uTCgKOtYNk7V-ycPi8mlULHTHFI55iVr41ks~GxVtiAGvvnyMEfMSL~AmGZN8KIgvyWEjD5uOxihLXs1~v28e23b7x69-UYkJiK7obuF9V4VdFHJUs~A3huORW9klCE9co8FnMU8zplkLa9McUcG4GWh5Y~rt~AryLRsU7norysuM2TXDw__&Key-Pair-Id=APKAIFLZBVQZ24NQH3KA,ActionDramaThriller,"During a break in filming at Stowe School in Buckinghamshire (where Russell Crowe's character watches his son play rugby union), one of the extras asked Russell Crowe for some acting advice. After their conversation, Crowe remembered the student's serious interest in acting and sent him autographed posters and photos from his film, Gladiator (2000), and wrote a letter saying, ""A journey of thousand miles begins with a single step."" The extra, Henry Cavill, went on to pursue his acting career and ultimately landed the role of Superman in Man of Steel (2013), with Crowe playing his father.",Meg RyanAlice BowmanRussell CroweTerry ThorneDavid MorsePeter BowmanPamela ReedJanis GoodmanDavid CarusoDinoAnthony HealdTed FellnerStanley AndersonJerryGottfried JohnEric KesslerAlun ArmstrongWyattMichael KitchenIan HaveryMargo MartindaleIvyMario Ernesto SánchezArturo Fernandez(as Mario Ernesto Sanchez)Pietro SibilleJuacoVicky HernándezMaria(as Vicky Hernandez)Norma MartínezNorma(as Norma Martinez)Diego TrujilloEliodoroAristóteles PichoSandroSarahi EcheverriaCinta(as Sarahi Echeverría),"      State of Play      Rules of Engagement      Mystery, Alaska    0Cinderella Man      Courage Under Fire      Addicted to Love      The Next Three Days      The Recruit      The Insider      Heaven's Burning    0Body of Lies      The Jackal"
42,Bless the Child,2000,107 ,5.1,17,"14,996",$29.37M,/title/tt0163983/,https://www.imdb.com/title/tt0163983/,https://www.imdb.com//title/tt0163983/mediaviewer/rm3905226240/?ref_=tt_ov_i,https://imdb-video.media-imdb.com/vi1446757401/1434659607842-pgv4ql-1678739351986.mp4?Expires=1683977466&Signature=fCbAfTyW2Hi5xFPmT8QQr23unZoLEwNTIuTuMNh18BgmKUX2tMCkuLr3oV072o4Y59K5H01Qtp4lkTzmFglDG-AgRJ~XdEpEwbgdLQ4qK8UtEezzo30m156m8w9eLgDh9H65RHWscROS6eXDP12Q7-YkH6xsUo2-kEhI4nJj2t8MOOJuKwraUmCjOZ33QR8hizxp9Wd2XfAAQHA~9w10-gj3uy8oCvuX52b6X0tWfQV82xN-jaTHaC1CoNf~5o~CDPVlkmFnWL0rLEdp2eahdkG-VAkFYSewKMZmR9MMaHFyt4GcHDc8p-f4dEi6w5coR2SG4tDiZXCK63wJzthEKg__&Key-Pair-Id=APKAIFLZBVQZ24NQH3KA,CrimeDramaHorror,"The line, ""The devil's greatest trick was convincing man that he didn't exist,"" is reminiscent of a similar line in another movie of the same genre, End of Days (1999), in which Father Kotak (Rod Steiger) says: ""Satan's greatest trick was convincing man that he didn't exist"". It is also similar to The Usual Suspects (1995), where the line is, ""The greatest trick the devil ever pulled was convincing man that he didn't exist"". In fact, that idea goes back to Charles Baudelaire (1821-1867): ""La plus belle des ruses du Diable est de vous persuader qu'il n'existe pas!"" (English: ""The finest trick of the devil is to persuade you that he does not exist.""",Kim BasingerMaggie O'ConnorJimmy SmitsJohn TravisRufus SewellEric StarkHolliston ColemanCodyAngela BettisJennaChristina RicciCheriMichael GastonDet. Frank BugattiLumi CavazosSister RosaDimitra ArlissDahnya(as Dimitra Arlys)Eugene LipinskiStuartAnne BetancourtMariaIan HolmReverend GrissomHelen StenborgSister JosephMatthew LemcheNew Dawn Kid at VanDan Warry-SmithNew Dawn KidElisabeth RosenNew Dawn KidTony Del RioNew Dawn KidNicole LynNew Dawn Kid,      Lost Souls      The Tank      Mimesis      Body Melt      Sorority House Massacre      Fierce People      Sector         Candyman   Day of the Dead      True Crime Scene      Stolen Tango      The Gift      R  S  V  P  
43,Tigerland,2000,101 ,6.9,55,"42,168",$0.14M,/title/tt0170691/,https://www.imdb.com/title/tt0170691/,https://www.imdb.com//title/tt0170691/mediaviewer/rm961699328/?ref_=tt_ov_i,https://imdb-video.media-imdb.com/vi1643577625/1434659607842-pgv4ql-1564186387081.mp4?Expires=1683977471&Signature=XfPU3F46jTJf19ZHTo4c~fNTUI9WX~qk~0xF30hG98IsLf2NeYmjmJZuFG3eGa1iLFBQaQ7yxE5Q2fzcBb7LQTF4jKyQKDPC3mUZInEmx-OicMh-6SDF5QPMYtpfA-j3ikh0FLBA1Vur6N9CSl6FoOBRbz0chtbTMKmhQtKLmOoUpDNHOZ1Eg0V2Yynv9tzlSW~azXXlDjotqbeTCp7rvXUkD3OimEABH9Lb5uuSR-40MZiSoUkNaLgMVx6m2obdmIb2lUfUx~wKFnrO3N4OihtFwG7uJe3TI2N8LPQpDfaAZKEWW3ecvmZPTjzg~reCHV5NL-Ty1KY8XO7REd1dkA__&Key-Pair-Id=APKAIFLZBVQZ24NQH3KA,DramaWar,"The actors had no trailers, make-up artists, hairstylists, chairs or any of the typical luxuries.",Colin FarrellPvt. Roland BozzMatthew DavisPvt. Jim PaxtonClifton Collins Jr.Pvt. MiterTom GuiryPvt. Cantwell(as Thomas Guiry)Shea WhighamPvt. WilsonRussell RichardsonPvt. JohnsonNick SearcyCapt. SaundersAfemo OmilamiSFC Ezra LandersJames MacDonaldStaff Sgt. Thomas(as James McDonald)Keith EwellSgt. OakesMatt GeraldSgt. EvelandStephen FultonSgt. DrakeTyler CravensM.P. SergeantMichael EdmistonHit the Brakes! DriverArian AshSheriHaven GastonClaudiaMichael ShannonSgt. FilmoreRoger FloydDead Truck Driver,      Hart's War      Phone Booth      Veronica Guerin      Hamburger Hill      The Recruit      Ordinary Decent Criminal      Buffalo Soldiers      Falling for a Dancer      Drinking Crude      American Outlaws      Windtalkers      Flawless
44,You Can Count on Me,2000,111 ,7.5,85,"30,596",$9.18M,/title/tt0203230/,https://www.imdb.com/title/tt0203230/,https://www.imdb.com//title/tt0203230/mediaviewer/rm1477122816/?ref_=tt_ov_i,https://imdb-video.media-imdb.com/vi4232887833/1434659607842-pgv4ql-1598640717626.mp4?Expires=1683977476&Signature=BQ0E5XiJNIsGRZAFefKLsuFFquff2KfKiFGW1cvfVnArROt12zfMHzzfa2Z-32Edgrq40O~lUykVGSLlpLhjBhPA20jvt87OXh23RSuHE8S3rBMk2iVZFoROhq5q9hYeloljCp7kciCxtLOMnBkWANlBxvG92bKYZqzWyQe8tMX12mwTounINJAM4q4Maqg25psmL0u-JP7s1jgHZOsUXgbQfuk7ThVq7HkEKeE7jIqPSQgNDFlDEtKM1rnXh6bBhegDZ9bvt8eW~Sr7DUBCKy5PaaJxd9B7JZb9HC6YGXRDUXneG5K8qo79WkQd1hKm9XyNOJ-qTZlplSbjwpM1vQ__&Key-Pair-Id=APKAIFLZBVQZ24NQH3KA,Drama,"Kenneth Lonergan plays Minister Ron in two major scenes counseling Terry at Sammy's house, and then counseling Sammy in his office. Since Lonergan had a lot of dialogue in those two scenes, he turned over the directing to Laura Linney and Mark Ruffalo, respectively.",Laura LinneySammyMatthew BroderickBrianAmy RyanMrs. PrescottMichael CountrymanMr. PrescottAdam LeFevreSheriff DarrylHalley FeifferAmyWhitney VanceYoung SammyPeter KerwinYoung TerryBetsy AidemMinisterRory CulkinRudyJ. Smith-CameronMabelJon TenneyBobGaby HoffmannSheilaMark RuffaloTerryLisa AltomareWaitressKenneth LonerganRonNina GarbirasNancyRichard HummerPlumber,      Margaret      The Savages      In the Bedroom      The Station Agent      In America      The Sweet Hereafter      The Ice Storm      The Visitor      Kinsey      ElectionLike Father      The Squid and the Whale
46,Chopper,2000,94 ,7.1,68,"40,150",$0.23M,/title/tt0221073/,https://www.imdb.com/title/tt0221073/,https://www.imdb.com//title/tt0221073/mediaviewer/rm3954520833/?ref_=tt_ov_i,https://imdb-video.media-imdb.com/vi1525678361/1434659607842-pgv4ql-1563664919164.mp4?Expires=1683977482&Signature=T~kkTUj9lXiPl0t0rLuBiT6Vi2PR0DwmlcsekFluBD3zhJV5p007MExSiXKh6GFbHv6oRHiaNbU5HRAI3e8jWe4-0fDgm5iZEQTJN67feHB59gqOmfrJywdv~OgVe7K09gbyPwtcez7rvTIZAVfp3yXzXxc-8UQ1OmXM8AlPmxy7XxnXbMq6DYbPORYkX0naxvuj9DdxohVAyGhRtlHGFtLn5RhEH1ieTq9fZUnk2DhWkT~WrLhLaD9wd8ehiadJryjbmV1ZPuW3xyv91XprvYbzcmKiPoYi1wxD0Wcz3ikIPUbmWVMMYmYPS0L38vQeSnRVM4bgrymMCAqKUZpaLQ__&Key-Pair-Id=APKAIFLZBVQZ24NQH3KA,BiographyCrimeDrama,Eric Bana spent two days living with Mark Brandon Read so he could get a better understanding of how to play his character in the film.,Eric BanaChopperSimon LyndonJimmy LoughnanVince ColosimoNeville BartosRenée BrackTelevision Interviewer(as Renee Brack)Gregory PittPrison Officer #1Richard SutherlandPrison Officer #2David FieldKeithy GeorgeDan WyllieBlueyGary WaddellKevin DarcyAndrew DunnPrison Officer #3Caleb CluffDetective CreswellHilton HendersonDetective WyattFred BarkerGov. BeasleyAlan CloseMedical OfficerCarl PriceBrunswick Court JudgeMark StratfordClassification OfficerKate BeahanTanyaKenny GrahamKeith Read,      Sexy Beast    0Bronson      Killing Them Softly      Dead Man's Shoes      Romper Stomper      The Assassination of Jesse James by the Coward Robert Ford      Once Were Warriors      This Much I Know to Be True      This Is England      Four Lions      One More Time with Feeling      Scum
47,The Little Vampire,2000,95 ,5.7,45,"10,894",$13.57M,/title/tt0192255/,https://www.imdb.com/title/tt0192255/,https://www.imdb.com//title/tt0192255/mediaviewer/rm1779996672/?ref_=tt_ov_i,https://imdb-video.media-imdb.com/vi804258073/1434659607842-pgv4ql-1564210266454.mp4?Expires=1683977486&Signature=iNz8zfDe4rIv29ryfpt7eMQ21f2sNWO1Zl8GtS5n9fcKHiYpyq0HLGHYNJckYg6QL9XLPda~~mpJeicYYII3czWRqH14LirzI0TAgEObADktYr8kqGIZ~eKCs9BMUPk8s2gXBYs9ZrybBfoPW1HH-IQpwT1ff1B~3w6iW4NdoYwNBtKY1Uepa3CI11gDLksEyEMagN3V8~E4Q5oNBNB3puZKp2qY82smD8WMg-bppJKaIV4DTUJo4wJbVo2RJfElj~DZeO1sN9VXx-paGijkMZX9asZFHWvwetm~xEhj0WpaPg8wFzacq8xRKeiQksEL325Ex8EvqTXPm1AWBvgNlQ__&Key-Pair-Id=APKAIFLZBVQZ24NQH3KA,AdventureComedyFamily,"The family name ""Sackville-Bagg"" in this film is a reference to J.R.R. Tolkien's Lord of The Rings. Bilbo and Frodo Baggins are related to the Sackville Bagginses.",Jonathan LipnickiTony ThompsonRollo WeeksRudolph Sackville-BaggRichard E. GrantFrederickJim CarterRookeryAlice KrigeFredaPamela GidleyDottie ThompsonTommy HinkleyBob ThompsonAnna PopplewellAnna Sackville-BaggDean CookGregory Sackville-BaggJohn WoodLord McAshtonEd StoppardVon Sackville-BaggJake D'ArcyFarmer McClaughlinIain De CaesteckerNigelScott FletcherFlintJohnny MeresTeacherGeorgie GlenBabysitter LornaElizabeth BerringtonElizabeth McAshtonHarry JonesCaretaker,      Casper Meets Wendy      Mom's Got a Date with a Vampire      Halloweentown II   Kalabar's Revenge      Halloweentown    0Stuart Little      The Little Vampire   D    0Ice Princess      Under Wraps      Twitches      Cats & Dogs      Babe   Pig in the City      Hoot
48,Shadow of the Vampire,2000,92 ,6.9,71,"42,962",$8.29M,/title/tt0189998/,https://www.imdb.com/title/tt0189998/,https://www.imdb.com//title/tt0189998/mediaviewer/rm2540131328/?ref_=tt_ov_i,https://imdb-video.media-imdb.com/vi931594521/1434659607842-pgv4ql-1563523217216.mp4?Expires=1683977492&Signature=qCltK7hdZfIgWPMUT9tm-Hny65rjZI8QV8VoMcfsIDOkOkLBvXOfW8G6GGjVvwmMOIXkVFsyys4vIBMA6pT3JH3obrpd9woRLge4-7YTszK6uQxxr2rdeaMKRp5TiSY5qe29nwSotdMMQKThpQzK-AQXmwu7mVSIt031tM5ar388F-ZjSblUwjHvPBDFywIbr3Sy6Am6rfKhP7xtPvAxE~Tfw67Wso9z38uvFlsUWKhpejYpPWe5ALqtOB5d~KP1~DGjJ~uRis1W6kIyKv3r8YyhqHihhkOItyRR8Qda8WUtyv8ZmoFIp-~G2OISxwwRtgm8jICbX08MLgdzF41-GQ__&Key-Pair-Id=APKAIFLZBVQZ24NQH3KA,DramaHorror,"Based in part upon a legend that Max Schreck was in reality a vampire which is why he played the role of Orlock/Dracula so well. Some variations of the legend suggest that Nosferatu (1922) was the only film Schreck made, though in reality he was already a stage and screen veteran by the time Nosferatu was shot, and would appear in many non-vampiric roles before his death in 1936.",John MalkovichFriedrich Wilhelm MurnauWillem DafoeMax SchreckUdo KierAlbin GrauCary ElwesFritz Arno WagnerCatherine McCormackGreta SchröderEddie IzzardGustav von WangenheimAden GillettHenrik Galeen(as John Aden Gillet)Nicholas ElliottPaul - Camera Assistant(as Nicholas Elliot)Ronan VibertWolfgang MullerSophie LangevinElke - Makeup AssistantMyriam MullerMaria - Script AssistantMilos HlavacInnkeeper(as Milos Hlavak)Marja-Leena JunkerInnkeeper's WifeDerek KueterReporter 1Norman GolightlyReporter 2Patrick HastertReporter 3Sascha LeyDrunken Woman(as Sacha Ley)Marie-Paule von RoesgenOld Woman(as Marie Paule Van Roesgen),      Nosferatu the Vampyre      NosferatuPolia & Blastema      Dracula      Begotten      Din of Celestial Birds      Dracula      The Bride of Frankenstein      God Is in the T  V      0Lest We Forget   The Video Collection      Ravenous      Vampire's Kiss
49,Get Carter,2000,102 ,5.1,24,"35,496",$14.97M,/title/tt0208988/,https://www.imdb.com/title/tt0208988/,https://www.imdb.com//title/tt0208988/mediaviewer/rm512071936/?ref_=tt_ov_i,https://imdb-video.media-imdb.com/vi550306585/1434659607842-pgv4ql-1564119619716.mp4?Expires=1683977497&Signature=c66ukyVJK7G5Ay~A~g8SzeBjW6NoDwim4iONKM2hAohYmWrCxfQKC9DQYyLoI~QbsZXEEV1U4ttFipejKW5j6P0HFGtUPxZ4nRfHOIGHhZlbunAB9LilBivI1c4XgmTKHIBHPQJ8qW51499obYc~vrxFiL7MjT~c3cAx346gymmYcqwCygb6qi8tTO5QFSdnMkaH6SojaZwPJPAQwvYIl17oVMqn5DvqaoQWvCbbgLT8jQYydd~NNwNpy4vVLdhAI9Jt8mk86Ek9lCNARb9uwisM8yU3nPzuW2mkwDMbRtKqSL~vbM3eaIp1wUL0EGVkcviXMdr2OXI26Z5m2LSCJQ__&Key-Pair-Id=APKAIFLZBVQZ24NQH3KA,ActionCrimeDrama,"One of the reasons why Sir Michael Caine agreed to appear in this remake to one of his best movies as it afforded him the chance to work with his friend, Sylvester Stallone. The two had bonded when they made John Huston's Victory (1981).",Sylvester StalloneJack CarterRachael Leigh CookDoreenMiranda RichardsonGloriaRhona MitraGeraldineJohnny StrongEddieJohn C. McGinleyCon McCartyAlan CummingJeremy KinnearMichael CaineCliff BrumbyJohn CassiniThorpeyMickey RourkeCyrus PaiceMark Boone JuniorJim Davis(as Mark Boone Jr.)Garwin SanfordLes FletcherDarryl ScheelarSecurity GuardYan-Kay Crystal LoweGirl #1(as Crystal Lowe)Lauren Lee SmithGirl #2(as Lauren Smith)John MoorePriestTyler LabineBud #1Mike CookRichard Carter(as Michel Cook),      The Specialist      Avenging Angelo      Assassins      Daylight      Driven      Eye See You      Bullet to the Head      Cobra      Lock Up      Tango & Cash      Over the Top      Get Carter
