Title_x,No_of_reviews,Images,complete url,Title_y,Popular for,Timing,About,Image URLs,Address,Recommended Places
1. Jardin Majorelle,"51,064",https://dynamic-media-cdn.tripadvisor.com/media/photo-o/17/4f/7f/06/20190418-125956-largejpg.jpg?w=500&h=400&s=1,https://www.tripadvisor.com//Attraction_Review-g293734-d477277-Reviews-Jardin_Majorelle-Marrakech_Marrakech_Safi.html,Jardin Majorelle,Gardens,8:00 AM - 6:00 PM,"Nicely designed and maintained gardens, similar to those of Generalife in Granada, Spain. It’s a good place to recoup from the intensity of the market atmosphere.","['https://dynamic-media-cdn.tripadvisor.com/media/photo-o/17/4f/7f/06/20190418-125956-largejpg.jpg?w=500&h=-1&s=1', 'https://dynamic-media-cdn.tripadvisor.com/media/photo-o/07/b4/b5/9b/photo0jpg.jpg?w=500&h=-1&s=1', 'https://dynamic-media-cdn.tripadvisor.com/media/photo-o/18/c3/f5/f6/1558718428885-largejpg.jpg?w=500&h=-1&s=1', 'https://dynamic-media-cdn.tripadvisor.com/media/photo-o/18/c3/f5/f5/1558718429030-largejpg.jpg?w=500&h=-1&s=1', 'https://dynamic-media-cdn.tripadvisor.com/media/photo-o/18/c3/f5/f4/1558718429162-largejpg.jpg?w=500&h=-1&s=1', 'https://dynamic-media-cdn.tripadvisor.com/media/photo-o/07/b9/01/80/photo1jpg.jpg?w=500&h=-1&s=1', 'https://dynamic-media-cdn.tripadvisor.com/media/photo-o/07/b9/01/7f/photo0jpg.jpg?w=500&h=-1&s=1', 'https://dynamic-media-cdn.tripadvisor.com/media/photo-o/07/b4/b5/9c/photo1jpg.jpg?w=500&h=-1&s=1', 'https://dynamic-media-cdn.tripadvisor.com/media/photo-o/29/1b/8a/9c/jardin-majorelle.jpg?w=500&h=-1&s=1', 'https://dynamic-media-cdn.tripadvisor.com/media/photo-o/29/1b/8a/98/jardin-majorelle-visite.jpg?w=500&h=-1&s=1']","Rue Yves Saint Laurent, Marrakech 40090 Morocco","['Marrakech: Private Guided Half-Day City Tours', 'Marrakech Medina Walking Tour: Half-Day Guided Tour', 'Marrakech colorful souks', 'Majorelle Garden and Palmeraie Camel Ride Marrakech', 'Marrakech City Highlights Half-Day Tour', 'Marrakech City Tour: Private Half-Day Guided Tour', 'Half Day Majorelle Gardens & City Ramparts', '3-Hour Botanical Tour of Marrakech by Horse Carriage', 'Majorelle Garden Ticket and Transfer', '10 day Morocco tour from Casablanca and back via Chefchaouen - Fes - Sahara ...', 'Marrakech Full Day Guided City Tour - Private Tour', 'Horse and Carriage Ride with Majorelle Garden', 'Private half day Marrakech city tour with transport', 'Marrakech Private Full-Day Walking Tour with Hotel Pickup and Drop-Off', 'Marrakech Shopping Tour - Private Tours (Half day)', 'The Agafay Desert & Atlas Mountains Day trips from Marrakech', 'Guided Walking Tour of Marrakech', ' Majorelle Gardens,desert camel riding , lunch in a tent and Atlas private tour', 'Casablanca Desert Tour', 'Rent a car with driver in Marrakech', '8 Days Tour from Casablanca Imperial cites and Desert', '15 days tours all of Morocco from Casablanca', '6 Day Private Tour - Marrakesh City & Berber Trail', 'Marrakech city tour with driver', '2-Day Marrakech & Ourika Valley Tour: Monuments & Berber Villages', ' Marrakech sightseeing tour with driver', 'From Agadir: Private day trip to Marrakech', 'Magic of Morocco Private 9 Days Tour', 'Marrakesh city tour highlights with private driver', 'Majorelle and Menara Gardens with Palmeraie Camel Riding Marrakech', 'Marrakech: Private Guided Half-Day City Tours', 'Anima André Heller Garden', 'Le Jardin Secret - Médina - Marrakech', 'Cyber Parc Arsat Moulay Abdeslam', 'Lac Lalla Takerkoust', 'Jardin Jnane El Harti', 'Oasiria', 'Vip Morocco Tours', 'Plateau du Kik', 'Laser Games Marrakech', 'Jardin Bio Aromatique Nectarome']"
2. Table Mountain Aerial Cableway,"17,270",https://dynamic-media-cdn.tripadvisor.com/media/photo-o/17/04/ac/01/photo3jpg.jpg?w=500&h=-1&s=1,https://www.tripadvisor.com//Attraction_Review-g312659-d481266-Reviews-Table_Mountain_Aerial_Cableway-Cape_Town_Central_Western_Cape.html,Table Mountain Aerial Cableway,Trams,8:00 AM - 8:30 PM,The best views of Cape Town are seen from the top of Table Mountain. The Cableway takes you to the summit in under 5 minutes and the cable car's rotating floor ensure that all visitors get a 360 degree aerial view of the city. The 65-passenger cable car runs from Tafelberg Road to the top of Table Mountain. To date the Cableway has transported more than 28 million visitors to the summit. A million visitors from all over the world use the Cableway annually.,"['https://dynamic-media-cdn.tripadvisor.com/media/photo-o/17/04/ac/01/photo3jpg.jpg?w=500&h=-1&s=1', 'https://dynamic-media-cdn.tripadvisor.com/media/photo-o/0f/6d/0a/82/our-state-of-the-art.jpg?w=500&h=-1&s=1', 'https://dynamic-media-cdn.tripadvisor.com/media/photo-o/06/ff/0d/31/table-mountain-aerial.jpg?w=500&h=-1&s=1', 'https://dynamic-media-cdn.tripadvisor.com/media/photo-o/11/83/5a/fb/enjoy-360-degree-views.jpg?w=500&h=-1&s=1', 'https://dynamic-media-cdn.tripadvisor.com/media/photo-o/11/83/5b/d0/download-our-two-free.jpg?w=500&h=-1&s=1', 'https://dynamic-media-cdn.tripadvisor.com/media/photo-o/11/83/5a/e7/book-your-cableway-tickets.jpg?w=500&h=-1&s=1', 'https://dynamic-media-cdn.tripadvisor.com/media/photo-o/11/83/5a/df/your-five-minute-ride.jpg?w=500&h=-1&s=1', 'https://dynamic-media-cdn.tripadvisor.com/media/photo-o/0f/6d/09/fd/free-guided-walking-tours.jpg?w=500&h=-1&s=1', 'https://dynamic-media-cdn.tripadvisor.com/media/photo-o/0e/ba/e7/22/there-is-plenty-to-do.jpg?w=500&h=-1&s=1', 'https://dynamic-media-cdn.tripadvisor.com/media/photo-o/08/3d/89/e5/table-mountain-aerial.jpg?w=500&h=-1&s=1']","Tafelberg Road Lower Cable Station, Cape Town Central 8001 South Africa","[""Table Mountain, Boulder's Penguins & Cape Point Private Tour from Cape Town"", 'Table Mountain Adventurous Hike & Cable Car Down', 'India Venster Route: Hiking in Table Mountain from Cape Town', 'Cape Town Guided City Day Tour', 'Half day City & Table Mountain Tour', 'Table Mountain Experience with Half-Day Private Chauffeur', 'Table Mountain and the Valley of the Red Gods Hiking Trail', 'Private Full Day Cape Town City Bowl and Table MountainTour.', 'Private 2-Day Cape Town Highlights: Robben Island,Table Mountain Tickets & Wine ', 'Cape Peninsula Private Tour - Table Mountain, Cape Point and the Penguins', 'Table Mountain, Bo-Kaap and Robben Island - Solo Travelers - Private Tour', 'Full Day Private Cape Town City Tour', 'Half Day Private Cape Town City Tour', 'Johannesburg Tour and Cape Town Tour in 10 Days Best Tour', 'Cape Town: Table Mountain Summit Walk for the Whole Family', 'Table Mountain Private Hike Tour of Kasteelpoort Route from Cape Town', 'Cape Peninsula Private Tour - Table Mountain, Cape Point and the Penguins', 'Table Mountain, Bo-Kaap and Robben Island - Solo Travelers - Private Tour', 'Glorious Cape Tours', 'Morkel Travel & Tours', 'AAE', 'Good Times In Cape Town', 'Jap Shuttles and Tours', 'ILIOS Travel', 'Raw Tours Cape Town', 'Citi Shuttles', 'ML Sultan Travel & Tours', 'Tusk Adventures & Tours']"
3. Table Mountain,"18,425",https://dynamic-media-cdn.tripadvisor.com/media/photo-o/16/be/d7/11/top-of-the-table.jpg?w=500&h=-1&s=1,https://www.tripadvisor.com//Attraction_Review-g1026865-d317744-Reviews-Table_Mountain-Table_Mountain_National_Park_Western_Cape.html,Table Mountain,Mountains,,The mountain in the middle of Cape Town offers many hikes and magnificent views in all directions.,"['https://dynamic-media-cdn.tripadvisor.com/media/photo-o/16/be/d7/11/top-of-the-table.jpg?w=500&h=-1&s=1', 'https://dynamic-media-cdn.tripadvisor.com/media/photo-o/28/e7/e9/f4/south-africa.jpg?w=500&h=-1&s=1', 'https://dynamic-media-cdn.tripadvisor.com/media/photo-o/28/e7/e9/f3/south-africa.jpg?w=500&h=-1&s=1', 'https://dynamic-media-cdn.tripadvisor.com/media/photo-o/28/db/d1/d4/view-from-table-mountain.jpg?w=500&h=-1&s=1', 'https://dynamic-media-cdn.tripadvisor.com/media/photo-o/28/db/d1/d3/lizard-on-table-mountain.jpg?w=500&h=-1&s=1', 'https://dynamic-media-cdn.tripadvisor.com/media/photo-o/28/db/d1/d1/view-from-table-mountain.jpg?w=500&h=-1&s=1', 'https://dynamic-media-cdn.tripadvisor.com/media/photo-o/28/db/d1/c2/view-from-table-mountain.jpg?w=500&h=-1&s=1', 'https://dynamic-media-cdn.tripadvisor.com/media/photo-o/28/db/d1/bd/table-mountain-wildlife.jpg?w=500&h=-1&s=1', 'https://dynamic-media-cdn.tripadvisor.com/media/photo-o/28/db/d1/b6/table-mountain-wildilfe.jpg?w=500&h=-1&s=1', 'https://dynamic-media-cdn.tripadvisor.com/media/photo-o/0e/94/23/a8/photo7jpg.jpg?w=500&h=-1&s=1']",,"['Table Mountain, Penguins & Cape Point Small Group Tour from Cape Town', 'Table Mountain Adventurous Hike & Cable Car Down', "" Lion's Head Sunrise/Sunset Hike from Cape Town "", 'Cape Town Hop-on Hop-off City Tour', 'Robben Island, Table Mountain and Cape Town City Private Day Tour', 'Robben Island & Table Mountain Pre Booked Tickets With Hotel Pick Up & Drop Off', 'Cape Of Good Hope and Table Mountain Day Trip from Cape Town parks fees include', 'Cape Town Private Tours with Locals: 100% Personalized, See the City Unscripted', 'Best of Cape Town Full-Day Private Tour with Table Mountain', ' Hike Table Mountain.', 'Robben Island Tour & Table Mountain guided Tour', 'Private Cape Of Good Hope Tour with Table Mountain Ticket Including Park Fees', 'Cape Town - Hike up Table Mountain via the India Venster Route!', 'Private City Tour Table Mountain + Cable Car Ticket Camps Bay H/D', 'Robben Island and Table Mountain City Guided Full Day Tour', 'Cape Winelands Meal and Wine Private Helicopter Tour from Cape Town', 'Cape Town Helicopter Tour: Atlantic Coast', 'Two Oceans Scenic Helicopter Flight from Cape Town', 'Ultimate Cape Point Tour from Cape Town - Full Day', 'Cape Town City Pass including Hop-On Hop-Off Bus Transport', 'Table Mountain & Mandela Freedom Full Day Tour', 'Cape of Good Hope-Wine Tasting-Penguin & Table Mountain Tickets Small Group Tour', 'Cape Town City tour', 'Small Group Tour Cape of Good Hope-Penguins & Table Mountain.', 'Cape Town Halfday City and Table Mountain Tour', 'Cape Town Boat Trip', 'Full Peninsula Cobra Experience - Self drive sightseeing on the Cape Peninsula', 'Cape Town Private Tour, Robben Island and Table Mountain Car ', 'Table Mountain-Wines-Penguins-Cape Point All Inclusive Group Tour', 'Cape Town Scenic Experience in 2 Days', 'Premium Full-Day Wine Tour in Constantia from Cape Town', '100 % Catch Rate Cape Town Carp and Catfish Fishing Tours', 'Cape Town Half Day City Tour with Table Mountain ticket', 'Table Mountain and Cape Town City Tour', 'Half day am Cape Town City tour & Table Mountain and Bo KAAP', 'Historical Robben Island, Pre-Booked Tickets & Iconic Table Mountain Full Day.', ""12 day - Meander to South Africa's best kept secrets and experience Lesotho "", 'Small Group: Cape Peninsula & Table Mountain Full Day Tour.', 'Cape Town Private, Tour Robben Island Gateaway & Table Mountain Car', '15 Days - Johannesburg, Kruger National Park and Cape Town Tour', 'Platteklip Gorge', 'Cape Point', 'Cape of Good Hope', 'Table Mountain']"
4. The Museum of Egyptian Antiquities,"12,892",https://dynamic-media-cdn.tripadvisor.com/media/photo-o/09/c2/7b/99/caption.jpg?w=500&h=400&s=1,https://www.tripadvisor.com//Attraction_Review-g294201-d308825-Reviews-The_Museum_of_Egyptian_Antiquities-Cairo_Cairo_Governorate.html,The Museum of Egyptian Antiquities,Speciality Museums,9:00 AM - 5:00 PM,"This famous museum houses the world’s largest collection of ancient Egyption artifacts (more than 120,000 items on display) featuring the famous Tutankhamun collection with its beautiful gold death mask and sarcophagus and the royal Mummy room, which houses an additional eleven Pharaonic dignitaries.","['https://dynamic-media-cdn.tripadvisor.com/media/photo-o/09/c2/7b/99/caption.jpg?w=500&h=-1&s=1', 'https://dynamic-media-cdn.tripadvisor.com/media/photo-o/29/18/0b/d8/caption.jpg?w=500&h=-1&s=1', 'https://dynamic-media-cdn.tripadvisor.com/media/photo-o/29/18/0b/d7/caption.jpg?w=500&h=-1&s=1', 'https://dynamic-media-cdn.tripadvisor.com/media/photo-o/29/18/0b/d6/caption.jpg?w=500&h=-1&s=1', 'https://dynamic-media-cdn.tripadvisor.com/media/photo-o/29/18/0b/d5/caption.jpg?w=500&h=-1&s=1', 'https://dynamic-media-cdn.tripadvisor.com/media/photo-o/29/18/0b/d4/caption.jpg?w=500&h=-1&s=1', 'https://dynamic-media-cdn.tripadvisor.com/media/photo-o/29/18/0b/d3/caption.jpg?w=500&h=-1&s=1', 'https://dynamic-media-cdn.tripadvisor.com/media/photo-o/29/18/0b/d2/caption.jpg?w=500&h=-1&s=1', 'https://dynamic-media-cdn.tripadvisor.com/media/photo-o/29/11/be/ef/the-museum-of-egyptian.jpg?w=500&h=-1&s=1', 'https://dynamic-media-cdn.tripadvisor.com/media/photo-o/29/11/be/e7/the-museum-of-egyptian.jpg?w=500&h=-1&s=1']","Midan El Tahrir Geographical Society Building, Cairo 11511 Egypt","['8-Hour Private Tour of the Pyramids, Egyptian Museum and Bazaar from Cairo', 'Egyptian Museum in Cairo: Private Guided Tour', 'Private Cairo Egyptian Museum Tour with Lunch', 'The Egyptian Museum Cairo half day tour ', 'Half-Day Tour to Egyptian Museum in Cairo ', 'Private 7-Night Cairo, Aswan, and Nile Cruise with Flights', 'Half-Day Private Guided Tour to the Egyptian Museum', 'Private Tour: Egyptian Museum', 'Private tour to Giza Pyramids,Sphinx,Egyptian Museum with Local Lunch', 'Vip Inclusive 2-Day Private Tour to All Pyramids and Cairo and 2 evenings', 'Inclusive Tour Giza pyramids,Sphinx,Egyptian Museum,Bazaar, Pyramids view Lunch ', 'Best Two-Day Private Guided City Tour of Cairo Giza and Saqqara', 'Full Day Tour to Giza Pyramids with Camel Ride and Egyptian Museum in Cairo', 'Best tour to Giza Pyramids, Egyptian Museum, Bazaar and Felucca ', 'Cairo Day Tour visit Egyptian Museum, Citadel and Khan Khalil Bazaar', 'Day Tour to Egyptian Museum and Giza Pyramids with Camel Ride w 30 M Camel ride ', 'All inclusive trip Giza Pyramids,Egyptian Museum,Sphinx,Bazar,Camel Ride,Lunch', 'Cairo City Tour Visit Egyptian Museum Coptic Christian Cairo and old Market ', 'Private Tour to the Egyptian Museum', 'Cairo Egyptian Museum and Old Cairo Private Full-Day Tour with Lunch', 'Cairo day tour to Egyptian Museum Citadel and Old Cairo', 'Day Trip to Egyptian Museum Old Cairo & Bazaar', 'Private Tour to the Egyptian Museum and tour to the famous old arts of Egypt', 'Stopover Tour of Cairo (Pyramids, Museum, Bazaar)', 'Day Trip to Cairo by Bus', 'Cairo City Tour Visiting Egyptian Museum Citadel and Old market of Khan Kkalili', 'All Inclusive 2-Day Ancient Egypt and Old Cairo Highlights Tour', 'From Hurghada: Full-Day Trip to Cairo and Giza with Lunch', 'Cairo Over day Full Day Pyramids & Egyptian Museum & Sphinx and Lunch - Hurghada', '1 Day Tour to Pyramids from Sharm-el-Sheikh by flight', 'Private Day Tour to Egyptian Museum and Cave Church, Old Cairo', 'Private Tour: Giza Pyramids, Sphinx, Egyptian Museum, Khan el-Khalili Bazaar', 'Giza Pyramids, Ride a Camel, Sphinx, Egyptian Museum& Bazaar, Lunch is included.', 'Private Tour to Giza Pyramids and The Egyptian Museum', 'Cairo tour from Hurghada (small group 8 pax/private) options', 'Private Tour: 8 Days 7 Nights Pyramids and Nile Cruise by Air from Cairo', 'Full day tour to Pyramids Sphinx and Egyptian Museum of Cairo', 'Cairo full day city tour with private modern car and tour guide', 'Private Tour: 8 Days 7 Nights Great Pyramids & Nile Cruise by Train from Cairo', 'Cairo Day Tour From Marsa Alam', 'Gayer-Anderson Museum (Bayt al-Kiritliya)', 'The Coptic Museum', 'Museum of Islamic Arts', 'National Museum of Egyptian Civilization NEMC', 'Manial Palace Museum', 'Abdeen Palace Museum', 'Bayt Al-Suhaymi', 'Oum El Dounia Gallery', 'Egyptian Textile Museum', 'Umm Kolthoum Museum']"
5. Bahia Palace,"13,809",https://dynamic-media-cdn.tripadvisor.com/media/photo-o/26/e2/c5/8f/palais-bahia.jpg?w=500&h=400&s=1,https://www.tripadvisor.com//Attraction_Review-g293734-d610173-Reviews-Bahia_Palace-Marrakech_Marrakech_Safi.html,Bahia Palace,Historic Sites • Architectural Buildings,9:00 AM - 4:30 PM,"After your hammam at Mythic Oriental, come for a stroll in this extravagant 19th century palace. You’ll be able to prolong your relaxation with the beauty and quiet offered here.","['https://dynamic-media-cdn.tripadvisor.com/media/photo-o/26/e2/c5/8f/palais-bahia.jpg?w=500&h=-1&s=1', 'https://dynamic-media-cdn.tripadvisor.com/media/photo-o/29/11/5c/f9/caption.jpg?w=500&h=-1&s=1', 'https://dynamic-media-cdn.tripadvisor.com/media/photo-o/29/11/5c/f8/caption.jpg?w=500&h=-1&s=1', 'https://dynamic-media-cdn.tripadvisor.com/media/photo-o/29/11/5c/f7/caption.jpg?w=500&h=-1&s=1', 'https://dynamic-media-cdn.tripadvisor.com/media/photo-o/29/11/5c/f6/caption.jpg?w=500&h=-1&s=1', 'https://dynamic-media-cdn.tripadvisor.com/media/photo-o/29/06/3f/e7/caption.jpg?w=500&h=-1&s=1', 'https://dynamic-media-cdn.tripadvisor.com/media/photo-o/29/06/3f/e6/caption.jpg?w=500&h=-1&s=1', 'https://dynamic-media-cdn.tripadvisor.com/media/photo-o/29/06/3f/e5/caption.jpg?w=500&h=-1&s=1', 'https://dynamic-media-cdn.tripadvisor.com/media/photo-o/29/06/3f/e4/caption.jpg?w=500&h=-1&s=1', 'https://dynamic-media-cdn.tripadvisor.com/media/photo-o/29/06/3f/e3/caption.jpg?w=500&h=-1&s=1']","5 Rue Riad Zitoun el Jdid, Marrakech 40000 Morocco","['Historical and Cultural Tour - Private Tours (Half day)', 'Marrakech: Private Guided Half-Day City Tours', 'Marrakech Full Day Guided City Tour - Private Tour', 'Marrakech colorful souks', 'Marrakech City Tour: Private Half-Day Guided Tour', 'Marrakech City Highlights Half-Day Tour', 'Half Day Marrakech History Tour including entrances', 'Marrakech Essential', 'Marrakech Medina Walking Tour: Half-Day Guided Tour', 'Highlights & Hidden Gems With Locals: Best of Marrakech Private Tour', 'Marrakech city tour with driver', ' Marrakech Medina Walking Tour With official Local Guide', 'Marrakech Shopping Tour - Private Tours (Half day)', 'Amazing Full Day Desert Agafay and Atlas Mountains Waterfalls Camel Ride ', '3 Days From Marrakech Merzouga ends in Fez', 'Highlights of Marrakech: Private Half-Day City Tour', 'Marrakech Day Trip including Lunch, Camel Ride from Casablanca', 'Historical Marrakech Walking Tour', '✅ 3 Day Sahara Desert Tour From Marrakech', ' Marrakech Jewish Heritage : Luxurious Private Tour & Vehicle', 'Marrakech City Tour By Jamal', 'Marrakech Walking Tour', 'Marrakech Guided Tour From Casablanca With Camel Ride', '2-Day Marrakech & Ourika Valley Tour: Monuments & Berber Villages', 'From Agadir: Private day trip to Marrakech', 'Marrakech Day trip from Agadir', 'Marrakesh day trip with camel ride from Casablanca', 'Magic of Morocco Private 9 Days Tour', 'Marrakech City Tour with Private Business Car- Private Experience', '2 Days Tours From Casablanca To Marrakech And Atlas Mountain with Camel ride', 'Half Day Guided cityTour Of Marrakesh', 'Marrakech Day Trip From Agadir', 'Marrakech Private Full-Day Walking Tour with Hotel Pickup and Drop-Off', '4 hours walking tour Marrakesh discovery', 'Marrakech: Historical Private Tours - Half-Day ', 'Casablanca to Marrakech Day Trip with Camel Ride', 'Guided Walking Tour of Marrakech', 'Full-Day Private Tour to Marrakech from Casablanca', 'Full Day Marrakesh City Tour including Local Lunch', 'Medina of Marrakesh', 'Jemaa el-Fnaa', 'Aromatimri', 'Ben Youssef Madrasa', 'Rahba Kedima Square', 'Marrakech Train Station', 'Marrakech Ramparts', 'Koutoubia Mosque', 'El Badi Palace', 'Mellah']"
6. Victoria & Alfred Waterfront,"14,398",https://dynamic-media-cdn.tripadvisor.com/media/photo-o/10/be/c1/11/20170909-121720-largejpg.jpg?w=500&h=-1&s=1,https://www.tripadvisor.com//Attraction_Review-g312659-d317743-Reviews-Victoria_Alfred_Waterfront-Cape_Town_Central_Western_Cape.html,Victoria & Alfred Waterfront,Marinas • Piers & Boardwalks,9:00 AM - 9:00 PM,"The V&A Waterfront is a 123-hectare mixed-use destination, and one of Africa’s most visited cultural and historical hubs. Set on the edge of a natural, historic working harbour with the iconic Table Mountain as its backdrop, it offers local and international visitors a cosmopolitan mix of experiences ranging from leisure, shopping and exclusive entertainment. It also offers prime residential and commercial property. The prime positioning of the V&A Waterfront boasts sweeping views of the ocean, city bowl and mountain peaks. Up to 100 000 people visit every day during peak season. Contributing R259.1 billion in nominal terms to the South African economy over the last twelve years, the V&A Waterfront’s cumulative contribution to the provincial GGP since 2002 was over R227 billion. The property also reported a 19% increase in retail trade sales for 2014, marking four consecutive years of consistent growth since 2011. By end 2014, total visitor numbers to the property had grown to 24 million a year. Although the V&A Waterfront remains South Africa’s favourite attraction for international visitors, they account for only 23% of all visitors. Visits by locals increased to 63%, while 14% of visitors were from upcountry. With 22 official landmarks on-site, it is also part of South Africa’s historical legacy. Jointly owned by Growthpoint Properties Limited and the Government Employees Pension Fund (GEPF), represented by the Public Investment Corporation Limited (PIC), the V&A Waterfront was developed in 1988 by the state-owned transport corporation, Transnet Limited, while official commercial trading commenced in November 1990.","['https://dynamic-media-cdn.tripadvisor.com/media/photo-o/10/be/c1/11/20170909-121720-largejpg.jpg?w=500&h=-1&s=1', 'https://dynamic-media-cdn.tripadvisor.com/media/photo-o/04/cb/13/bc/victoria-alfred-waterfront.jpg?w=500&h=-1&s=1', 'https://dynamic-media-cdn.tripadvisor.com/media/photo-o/1b/1f/47/13/kids-love-the-v-a-waterfront.jpg?w=500&h=-1&s=1', 'https://dynamic-media-cdn.tripadvisor.com/media/photo-o/1b/1f/46/5b/there-are-a-wide-variety.jpg?w=500&h=-1&s=1', 'https://dynamic-media-cdn.tripadvisor.com/media/photo-o/1b/1f/46/3d/there-are-a-wide-variety.jpg?w=500&h=-1&s=1', 'https://dynamic-media-cdn.tripadvisor.com/media/photo-o/1b/1f/46/05/there-are-a-wide-variety.jpg?w=500&h=-1&s=1', 'https://dynamic-media-cdn.tripadvisor.com/media/photo-o/1b/1f/45/e5/kids-love-the-v-a-waterfront.jpg?w=500&h=-1&s=1', 'https://dynamic-media-cdn.tripadvisor.com/media/photo-o/04/cb/13/d7/victoria-alfred-waterfront.jpg?w=500&h=-1&s=1', 'https://dynamic-media-cdn.tripadvisor.com/media/photo-o/04/cb/13/cf/victoria-alfred-waterfront.jpg?w=500&h=-1&s=1', 'https://dynamic-media-cdn.tripadvisor.com/media/photo-s/02/76/e4/91/victoria-alfred-waterfront.jpg?w=500&h=-1&s=1']","19 Dock Road, Cape Town Central 8001 South Africa","['Hop-On Hop-Off Cape Town Canal Cruise', '1 Day Explore Cape Town Like a Local with Private Guided Transfer', 'Cape Town City tour', 'Scooter Rentals', 'Private Cape of Goodhope & penguin colony', '15 Days - Johannesburg, Kruger National Park and Cape Town Tour', 'Kickstart Your Trip To Cape Town', 'A Full Day In Cape Town', 'Cape Town City Cycle - Private Tour', 'Table Mountain & Mandela Freedom Full Day Tour', 'City Tours', 'Long Walk to Freedom and Robben Island with Tickets. ', 'Robben Island Boat Ticket & Mandela Long Walk To Freedom Tour With Hotel Pick Up', 'Cape Town: Historical Running Small Group Tour with Hotel Pick Up and Drop Off', 'Cape Town Private Tours with Locals: 100% Personalized, See the City Unscripted', '6 Days 5 Nights i have been to Cape Town Tour Package', '30min Harbour Boat Cruise Cape Town', 'Robben Island Museum Plus Table Mountain National Park & Bo-kaap All Tickets F/d', 'Visit To Robben Island Nelson Mandela Prison Museum + Ferry Tickets H/D', 'Private Visit to Robben Island Bo-Kaap Plus Table Mountain + All Tickets F/day', 'Visit Nelson Mandela Robben Island Prison Museum and Langa Township Tour F/D', 'Robben Island Nelson Mandela Prison + Cape Town City Tour Plus Ferry Tickets F/D', 'Half-Day Robben Island with Pre-Booked Tickets & Private Chauffer. ', 'Visit Robben Island Nelson Mandelas Prison From Cape Town Plus Ferry Tickets H/D', 'Sunset Champagne Cruise from Cape Town,Table Mountain,Bo-Kaap', '7-Days Tour Package 3 Nights Cape Town and 3 Nights Garden Route', '3 Day Private Full Day Cape Town Tour Includes Entries,Peninsula,Wine,City Tour,', 'Private Multi-Day Tour to Table Mountain and Robben Island from Cape Town', 'Rainbow Safari', 'PRIVATE TOUR: Highlights & Hidden Gems of Cape Town - Tickets and Snack Included', 'Woodstock and City Center Bicycle Tour', 'City Escape: Cape Town Classics Private Day Trip', 'Path to Freedom Tour with Private Transfers', 'Private Cape Town Tour with a Local, Highlights & Hidden Gems 100% Personalised', 'Johannesburg Tour and Cape Town Tour in 10 Days Best Tour', 'E-BIKE City Tour Cape Town half day ', 'Private Custom Tour with a Local Guide Cape Town', ""Lion's Head"", 'Cape Point Nature Reserve', 'Greenpoint Park and Biodiversity Garden', 'Silvermine Nature Reserve', 'Clifton Beaches', 'Bloubergstrand Beach', 'Twelve Apostles', 'Signal Hill', 'Hout Bay', 'Two Oceans Aquarium']"
7. Medina of Marrakesh,"19,094",https://dynamic-media-cdn.tripadvisor.com/media/photo-o/1b/1f/8e/b4/marrakech.jpg?w=500&h=400&s=1,https://www.tripadvisor.com//Attraction_Review-g293734-d324126-Reviews-Medina_of_Marrakesh-Marrakech_Marrakech_Safi.html,Medina of Marrakesh,Historic Sites • ,12:00 AM - 11:59 PM,,"['https://dynamic-media-cdn.tripadvisor.com/media/photo-o/1b/1f/8e/b4/marrakech.jpg?w=500&h=-1&s=1', 'https://dynamic-media-cdn.tripadvisor.com/media/photo-o/09/cd/6d/be/kl.jpg?w=500&h=-1&s=1', 'https://dynamic-media-cdn.tripadvisor.com/media/photo-o/09/cd/6d/bd/h.jpg?w=500&h=-1&s=1', 'https://dynamic-media-cdn.tripadvisor.com/media/photo-o/09/cd/27/68/2.jpg?w=500&h=-1&s=1', 'https://dynamic-media-cdn.tripadvisor.com/media/photo-o/09/cd/27/67/3.jpg?w=500&h=-1&s=1', 'https://dynamic-media-cdn.tripadvisor.com/media/photo-o/09/cd/27/66/1.jpg?w=500&h=-1&s=1', 'https://dynamic-media-cdn.tripadvisor.com/media/photo-o/08/5c/da/46/medina-of-marrakech.jpg?w=500&h=-1&s=1', 'https://dynamic-media-cdn.tripadvisor.com/media/photo-o/08/5c/d9/51/medina-of-marrakech.jpg?w=500&h=-1&s=1', 'https://dynamic-media-cdn.tripadvisor.com/media/photo-o/08/5c/d8/b4/medina-of-marrakech.jpg?w=500&h=-1&s=1', 'https://dynamic-media-cdn.tripadvisor.com/media/photo-o/08/5c/d8/47/medina-of-marrakech.jpg?w=500&h=-1&s=1']","Derb Fhal Zefriti nº6 Derb Fhal Zefriti, Marrakech 40000 Morocco","['Marrakech Medina Walking Tour: Half-Day Guided Tour', 'Shopping in the Souks of Marrakech Private Tour', 'Half-Day Guided City Tour in Marrakech Hidden Medina', 'Marrakech City Tour: Private Half-Day Guided Tour', 'Medina of Marrakech Walking Tour', 'Highlights of Marrakech: Private Half-Day City Tour', 'Medina Of Marrakesh Shopping Tour', 'Marrakech Shopping Tour - Private Tours (Half day)', 'Authentic Moroccan Food Tour in Marrakech with Dinner', 'Marrakech Day Trip including Lunch, Camel Ride from Casablanca', 'Marrakech Treasures by Bike', '✅ 3 Day Sahara Desert Tour From Marrakech', 'Ourika day tour from Marrakech', 'Taste Of Marrakech Medina ', 'Marrakech Street food Tours', 'PHOTOGRAPHY TOUR: Marrakech through the lens', 'Private 3-Day Merzouga Desert Tour from Marrakech - All inclusive -', 'Guided Walking Tour of Marrakech', 'Marrakech Private Half-Day Walking Tour', ' Dar El Bacha , Secret Garden & Souks: Private Tour', 'From Agadir: Private day trip to Marrakech', ' Marrakech craft Shopping tour ', 'Private Marrakech Walking Half-Day City Tour', 'Marrakech city tour', 'Private 3 Day Desert Tour From Marrakech To Merzouga Dunes', 'Quad Biking | Marrakech', ' Day Trip to Marrakech from Casablanca', 'Marrakech Guided Tour From Casablanca With Camel Ride', 'Marrakesh day trip with camel ride from Casablanca', 'Half Day Guided cityTour Of Marrakesh', 'Morocco Imperial Cities & Desert Tour from Casablanca 9 Days 8 Nights', 'In the thick of Marrakech', 'Marrakech Highlights : Majorelle , Bahía Palace , Mellah & Souks :Private Tour', '6-Night Morocco Tour from Malaga: Fez, Meknes, Marrakech, Casablanca, Rabat and Tangier', 'Marrakech sightseeing guided tour', 'Magic of Morocco Private 9 Days Tour', 'Marrakech City Tour: Private Half-Day Guided Tour.', '2 Days Tours From Casablanca To Marrakech And Atlas Mountain with Camel ride', 'From Agadir: Day trip to Marrakech', '12-Day Morocco and South of Spain Tour from Madrid', 'Bahia Palace', 'Jemaa el-Fnaa', 'Aromatimri', 'Ben Youssef Madrasa', 'Rahba Kedima Square', 'Marrakech Train Station', 'Marrakech Ramparts', 'Koutoubia Mosque', 'El Badi Palace', 'Mellah']"
8. Mount Kilimanjaro,"2,360",https://dynamic-media-cdn.tripadvisor.com/media/photo-o/03/9e/d4/63/mont-kilimandjaro.jpg?w=500&h=-1&s=1,https://www.tripadvisor.com//Attraction_Review-g293750-d459953-Reviews-Mount_Kilimanjaro-Kilimanjaro_National_Park_Kilimanjaro_Region.html,Mount Kilimanjaro,Mountains,8:00 AM - 6:00 PM,,"['https://dynamic-media-cdn.tripadvisor.com/media/photo-o/03/9e/d4/63/mont-kilimandjaro.jpg?w=500&h=-1&s=1', 'https://dynamic-media-cdn.tripadvisor.com/media/photo-o/02/66/75/d9/climbing-kilimanjaro.jpg?w=500&h=-1&s=1', 'https://dynamic-media-cdn.tripadvisor.com/media/photo-o/17/98/9a/20/bushmaasaisafaris-gmailcom.jpg?w=500&h=-1&s=1', 'https://dynamic-media-cdn.tripadvisor.com/media/photo-o/17/98/9a/1f/bushmaasaisafaris-gmailcom.jpg?w=500&h=-1&s=1', 'https://dynamic-media-cdn.tripadvisor.com/media/photo-o/17/98/9a/1e/bushmaasaisafaris-gmailcom.jpg?w=500&h=-1&s=1', 'https://dynamic-media-cdn.tripadvisor.com/media/photo-o/17/98/9a/1d/bushmaasaisafaris-gmailcom.jpg?w=500&h=-1&s=1', 'https://dynamic-media-cdn.tripadvisor.com/media/photo-o/17/98/9a/1c/bushmaasaisafaris-gmailcom.jpg?w=500&h=-1&s=1', 'https://dynamic-media-cdn.tripadvisor.com/media/photo-o/17/98/9a/1b/bushmaasaisafaris-gmailcom.jpg?w=500&h=-1&s=1', 'https://dynamic-media-cdn.tripadvisor.com/media/photo-o/17/98/9a/1a/bushmaasaisafaris-gmailcom.jpg?w=500&h=-1&s=1', 'https://dynamic-media-cdn.tripadvisor.com/media/photo-o/17/98/9a/19/bushmaasaisafaris-gmailcom.jpg?w=500&h=-1&s=1']",,"['Mountain Kilimanjaro Day Hike', 'Kilimanjaro climb by Lemosho Route (7-day)', 'Mount Kilimanjaro Trekking via Machame Route 7 Days', '1 day tour hike mount kilimanjaro through marangu route', '8 days Kilimanjaro trekking via Lemosho route', 'Mount Kilimanjaro Day Hike', '8 Days Kilimanjaro Climbing - Lemosho Route', '5 Days Safari Kilimanjaro Marangu Route.', 'Mount Kilimanjaro Day Hike ', 'Moshi sunset experience ', 'Kilimanjaro Day Hike', '6 Day Machame Route - Climb Mount Kilimanjaro', '6 Days Marangu Route', '3-Day Private Amboseli/Mt. Kilimanjaro Safari (LUXURY)', 'Kilimanjaro Day Hike', '4-DAY Exciting Tsavo/Amboseli National Park/Mt. Kilimanjaro Safari', 'Kilimanjaro climb, Lemosho Route (6-day)', '6 Days Kilimanjaro climb-Machame Route', 'Mount Kilimanjaro-Day Trip', '6 Days Machame Route', 'Materuni waterfall and Coffee tour', 'Kilimanjaro: Marangu Route', 'Mt. Kilimanjaro Trekking', '9 days Lemosho route with crater camp', 'Chagga Villages in Mount Kilimanjaro Cycling Day Trip', 'Kilimanjaro climbing day trip', 'Kilimanjaro Marangu Day Hike', 'Materuni Waterfalls and Coffee Tour', 'Mt. Kilimanjaro Day Hiking', 'Kilimanjaro forest (mambori waterfalls).', 'Mount Kilimanjaro day hike.', 'Day trip in Kilimanjaro National Park', 'Kilimanjaro Treks (Machame Route) ', 'Mount Kilimanjaro-Machame Route 7 days Trekking', 'Mount Kilimanjaro 6 days - Machame route', 'Kilimanjaro-Trekking Machame Route 6 Days/ 5 Nights', 'Eccentric Safari & Adventure', '7 days safaris in Kenya', 'Kilimanjaro, machame route', 'Mt Kilimanjaro Trek; Rongai Route - 6 Days ']"
9. Les 7 Cascades,"1,279",https://dynamic-media-cdn.tripadvisor.com/media/photo-o/0d/cc/5a/00/5th-fall-from-in-front.jpg?w=500&h=-1&s=1,https://www.tripadvisor.com//Attraction_Review-g951345-d2290986-Reviews-Les_7_Cascades-Riviere_Noire.html,Les 7 Cascades,Waterfalls,,,"['https://dynamic-media-cdn.tripadvisor.com/media/photo-o/0d/cc/5a/00/5th-fall-from-in-front.jpg?w=500&h=-1&s=1', 'https://dynamic-media-cdn.tripadvisor.com/media/photo-o/29/03/b7/9e/caption.jpg?w=500&h=-1&s=1', 'https://dynamic-media-cdn.tripadvisor.com/media/photo-o/29/03/b7/9b/caption.jpg?w=500&h=-1&s=1', 'https://dynamic-media-cdn.tripadvisor.com/media/photo-o/29/03/b7/99/caption.jpg?w=500&h=-1&s=1', 'https://dynamic-media-cdn.tripadvisor.com/media/photo-o/28/fe/8a/69/caption.jpg?w=500&h=-1&s=1', 'https://dynamic-media-cdn.tripadvisor.com/media/photo-o/28/fe/8a/68/caption.jpg?w=500&h=-1&s=1', 'https://dynamic-media-cdn.tripadvisor.com/media/photo-o/28/fe/8a/67/caption.jpg?w=500&h=-1&s=1', 'https://dynamic-media-cdn.tripadvisor.com/media/photo-o/28/e3/b2/c7/caption.jpg?w=500&h=-1&s=1', 'https://dynamic-media-cdn.tripadvisor.com/media/photo-o/28/e3/b2/c6/caption.jpg?w=500&h=-1&s=1', 'https://dynamic-media-cdn.tripadvisor.com/media/photo-o/28/e3/b2/c5/caption.jpg?w=500&h=-1&s=1']",,"['Tamarind falls/7 Cascades Half day Tour ', 'Hiking Sept Cascades (Tamarind Falls) - Half Day ', 'Hiking in Mauritius: Tamarind Falls (7 Cascades) With Hotel Transfer & Guide', 'Hiking at 7 Cascades', 'Mauritius- 7 Cascades (Tamarind Falls) including Guide & Hotel Transfer', 'Waterfall Hike', 'Tamarind Falls Abseiling ', 'Sky to Sea Tour: Guided Hiking in Tamarind Falls (7 Cascades) & Beach Hopping', 'Les septs Cascades \n\n', '7 Cascades Half Day', 'Le Grand Bleu Excursion', 'Nature Trails Mauritius', 'Tamarind Falls', 'Bel Ombre Nature Reserve', 'Ebony Forest Reserve', 'Le Morne Brabant', 'Ile des Deux Cocos', 'La Vallée des Couleurs', 'Ile aux Aigrettes Nature Reserve', 'Belle Mare Beach']"
10. Klein Roosboom Boutique Winery,435,https://dynamic-media-cdn.tripadvisor.com/media/photo-o/26/af/5f/ae/wine-by-the-barrow.jpg?w=500&h=400&s=1,https://www.tripadvisor.com//Attraction_Review-g1057715-d3609672-Reviews-Klein_Roosboom_Boutique_Winery-Durbanville_Western_Cape.html,Klein Roosboom Boutique Winery,Wineries & Vineyards,9:00 AM - 5:00 PM,"When you visit us, please allow us to bring you a one of a kind tasting experience. The magic happens in uniquely furnished concrete fermentation tanks. While tasting we shall divulge the stories of our vines, our wines and share good times. With our newly curated tasting experience, indulge in Chef Lorianne's highly recommended ""Plaasplankies"". (not your ordinary Kaasplankie) - by reservation only A World of flavours await you at Jéan Restaurant We would love to surprise you with our take on seasonal food . Simply because we love moving boundaries and to cook outside of the barbed wire fences - or ""Hakiesdraad"" Klein Roosboom is not only a restaurant /shop and cellar It is a destination A statement An experience","['https://dynamic-media-cdn.tripadvisor.com/media/photo-o/26/af/5f/ae/wine-by-the-barrow.jpg?w=500&h=-1&s=1', 'https://dynamic-media-cdn.tripadvisor.com/media/photo-o/26/55/68/c0/wouldn-t-you-just-love.jpg?w=500&h=-1&s=1', 'https://dynamic-media-cdn.tripadvisor.com/media/photo-o/28/68/ab/43/ri-ng-for-cap-classique.jpg?w=500&h=-1&s=1', 'https://dynamic-media-cdn.tripadvisor.com/media/photo-o/28/68/aa/0d/ring-for-mcc.jpg?w=500&h=-1&s=1', 'https://dynamic-media-cdn.tripadvisor.com/media/photo-o/28/68/aa/0c/the-angels-share.jpg?w=500&h=-1&s=1', 'https://dynamic-media-cdn.tripadvisor.com/media/photo-o/28/68/a9/2e/my-way-brut-rose-cap.jpg?w=500&h=-1&s=1', 'https://dynamic-media-cdn.tripadvisor.com/media/photo-o/26/af/5d/ac/shiraz.jpg?w=500&h=-1&s=1', 'https://dynamic-media-cdn.tripadvisor.com/media/photo-o/26/af/5d/a4/janet-shiraz.jpg?w=500&h=-1&s=1', 'https://dynamic-media-cdn.tripadvisor.com/media/photo-o/26/af/5c/8e/marianna-roos-rose.jpg?w=500&h=-1&s=1', 'https://dynamic-media-cdn.tripadvisor.com/media/photo-o/26/af/5c/38/tasting-experience.jpg?w=500&h=-1&s=1']","Tygerberg Valley Rd, Durbanville 7550 South Africa","['Full-Day Franschhoek Hop On Hop Off Wine Tram Tour from Cape Town', 'Wine tour to Stellenbosch & Franschhoek | includes tastings & lunch', 'Wine Tour: Paarl, Franschhoek & Stellenbosch incl 3 wineries', 'Stellenbosch and Franschhoek 20 Wine Tasting & Lunch & Tasting Fees Shared Tour', 'Cape of Good Hope and Penguins Full-Day Tour From Cape Town', ' ""AFFORDABLE ACTIVITY"" Quad biking Atlantis Dunes Cape Town ATV', 'The Cape Town Essentials Food Tour', ""Cape Point and Boulder's Beach Penguins Full Day Tour"", 'Cape Town Hop-on Hop-off City Tour', 'Private Full-Day Stellenbosch Wine Tour', 'Cape Town Helicopter Tour: Atlantic Coast', 'Stellenbosch Half Day Wine Tour', 'Cape of Good Hope & Penguins Group Tour from Cape Town', 'Cape Town City Cycling Tour', 'Cape Town Wine Tour & Tasting all inclusive', 'The Little Pink Chef', 'Durbanville Hills Table Mountain Wine Safari', 'Groot Phesantekraal Wines And Tasting Room', 'Nitida Cellars', 'Altydgedacht', 'Meerendal Wine Estate', 'Bloemendal Wine Estate', 'Canto Wines', 'Magic Grape Tours', 'Party Bike South Africa']"
11. Cheval Essaouira,309,https://dynamic-media-cdn.tripadvisor.com/media/photo-o/1a/f6/ae/52/les-ecuries-de-cheval.jpg?w=500&h=400&s=1,https://www.tripadvisor.com//Attraction_Review-g298349-d14069341-Reviews-Cheval_Essaouira-Essaouira_Marrakech_Safi.html,Cheval Essaouira,Equestrian Trails • Hiking Trails,9:00 AM - 7:00 PM,"We offers you horseback riding and camels riding In Essaouira and its region. Discover wild and magnificent landscapes, between beaches, dunes and forest for an unforgettable experience! We welcome you all year round in our facilities and make you discover the world of horseback riding. Our stable is located in the village of Diabat, 3 km only from Essaouira’s center. You will find the tradition of Moroccan hospitality, the passion of our profession and the respect of these beautiful Barbs/Arabs horses. A professional team mentors and guides you. Our monitors are graduates of the National Institute of the Horse of Rabat. They speak arabic, french and english. Whether it's an introduction to horseback riding, an upgrade, an improvement, or just a moment of pleasure and fun, they will accompany you totaly safely for your enjoyment. We welcome riders of all ages and levels for lessons, rides on the beach, internship, horseback riding for one to five days, alone or in a group.","['https://dynamic-media-cdn.tripadvisor.com/media/photo-o/1a/f6/ae/52/les-ecuries-de-cheval.jpg?w=500&h=-1&s=1', 'https://dynamic-media-cdn.tripadvisor.com/media/photo-o/13/bc/f2/35/les-dunes.jpg?w=500&h=-1&s=1', 'https://dynamic-media-cdn.tripadvisor.com/media/photo-o/25/27/6e/2c/beginners-group.jpg?w=500&h=-1&s=1', 'https://dynamic-media-cdn.tripadvisor.com/media/photo-o/25/27/6d/94/peace-love.jpg?w=500&h=-1&s=1', 'https://dynamic-media-cdn.tripadvisor.com/media/photo-o/23/6a/83/51/beautiful-sunset-ride.jpg?w=500&h=-1&s=1', 'https://dynamic-media-cdn.tripadvisor.com/media/photo-o/23/21/81/f0/easter-in-essaouira.jpg?w=500&h=-1&s=1', 'https://dynamic-media-cdn.tripadvisor.com/media/photo-o/23/21/81/d2/easter-in-essaouira.jpg?w=500&h=-1&s=1', 'https://dynamic-media-cdn.tripadvisor.com/media/photo-o/23/14/5d/00/picnic-in-the-forest.jpg?w=500&h=-1&s=1', 'https://dynamic-media-cdn.tripadvisor.com/media/photo-o/23/10/59/cd/sidi-kaouki.jpg?w=500&h=-1&s=1', 'https://dynamic-media-cdn.tripadvisor.com/media/photo-o/23/10/59/af/sidi-kaouki.jpg?w=500&h=-1&s=1']","Village Diabat, Essaouira 44000 Morocco","['Horse riding at sunset for 2 hours', 'Horse riding on the beach of Essaouira 2 hours', 'Horse riding on the beach of Essaouira 3 hours', 'Horseback riding half day with picnic', 'Horseback riding day + picnic', 'Horse Ride on the Beach in Essaouira', ""L'Atelier Madada Moroccan Cooking Workshop in Essaouira"", '1 hour horse ride on the beach of essaouira', 'Surf Lesson in Essaouira', 'Kitesurfing Lessons in Essaouira Beach', 'Essaouira Private Camel Ride (1 Hour).', 'Surf Lesson with local surfer in Essaouira Morocco ', 'Private 2-Hour Quad Ride on Forest and Dunes from Essaouira', 'Guided Quad Ride in Essaouira (1 hour).', 'Half day quad biking: Big dunes and forest', 'Essaouira Beach', 'Yassmine Quad', ""Jakady: Centre d'Activites et de Loisirs Sportifs"", 'Passions Moto Maroc Sarl', 'Lou’s Rides', 'Jardin Michel Vu', 'Tennis Essaouira', 'Bled a Velo', 'Moga2roues', 'Essaouira Ranch River']"
12. Jarjeer Mules,137,https://dynamic-media-cdn.tripadvisor.com/media/photo-o/03/87/92/18/tommy.jpg?w=500&h=400&s=1,https://www.tripadvisor.com//Attraction_Review-g2314506-d2691064-Reviews-Jarjeer_Mules-Oumnass_Marrakech_Safi.html,Jarjeer Mules,Nature & Wildlife Areas,12:00 AM - 11:59 PM,"Jarjeer can be found in the Berber village of Oumnass just 24 kms south of Marrakech in the foothills of the High Atlas. We are a sanctuary and home to many animals. Our team of magical donkeys are friendly and always very happy to see visitors. The local people are friendly and welcoming. The community is very close with tight family ties and the culture remains traditional. All our muleteers live in the village. Details about visiting can be found on our website. For the adventurous, a bus journey is an excellent idea. The number 45 bus to Amizmiz leaves the bus station opposite the Koutoubia Mosque. Local people in the Medina will be happy to direct you. The journey takes approximately 30 mins and costs just 6 dms per head, ask to dismount at Oumnass. If you telephone or email in advance we will meet you at the bus stop in Oumnass or you will see the sign to Jarjeer as leaving the bus. Note: Here at Jarjeer our donkeys provide therapeutic riding for disabled children.￼￼","['https://dynamic-media-cdn.tripadvisor.com/media/photo-o/03/87/92/18/tommy.jpg?w=500&h=-1&s=1', 'https://dynamic-media-cdn.tripadvisor.com/media/photo-o/03/f1/88/9b/jarjeer-mules.jpg?w=500&h=-1&s=1', 'https://dynamic-media-cdn.tripadvisor.com/media/photo-o/03/a4/21/5d/jarjeer-mules.jpg?w=500&h=-1&s=1', 'https://dynamic-media-cdn.tripadvisor.com/media/photo-o/03/87/92/18/tommy.jpg?w=500&h=-1&s=1', 'https://dynamic-media-cdn.tripadvisor.com/media/photo-o/28/9b/74/2e/caption.jpg?w=500&h=-1&s=1', 'https://dynamic-media-cdn.tripadvisor.com/media/photo-o/28/9b/74/2d/caption.jpg?w=500&h=-1&s=1', 'https://dynamic-media-cdn.tripadvisor.com/media/photo-o/28/9b/74/2c/caption.jpg?w=500&h=-1&s=1', 'https://dynamic-media-cdn.tripadvisor.com/media/photo-o/28/9b/74/2b/caption.jpg?w=500&h=-1&s=1', 'https://dynamic-media-cdn.tripadvisor.com/media/photo-o/28/9b/74/2a/caption.jpg?w=500&h=-1&s=1', 'https://dynamic-media-cdn.tripadvisor.com/media/photo-o/28/9b/74/29/caption.jpg?w=500&h=-1&s=1']","Jarjeer DR Oumnass, Oumnass 40000 Morocco","['Atlas Mountains and Three Valleys & Waterfalls - Camel ride Day Trip Marrakech', 'Day Trip To Atlas Mountains and Three Valleys & Berber Villages from Marrakech', 'Majorelle Garden and Palmeraie Camel Ride Marrakech', 'Marrakech Treasures by Bike', 'Desert Agafay, Atlas Mountains and Camel Ride Day Trip From Marrakech', 'Ouzoud Waterfalls from Marrakech with Boat Ride ', 'Skip the Line: Oasiria Water Park Admission Ticket', 'Atlas Mountains & 5 Valleys Day Tour from Marrakech - All inclusive -', 'Ouzoud Falls Day Trip from Marrakech', 'Atlas Mountains and 3 Valleys & Waterfalls & Desert Agafay - Day Trip Marrakech', 'Private Desert Agafay and Atlas Mountains luxury Day Trip', 'Marrakech: Traditional Moroccan Dinner and Folklore Show (Fantasia)', 'Private Photography Session in Marrakech with a Photographer', 'Luxury private day trip - Atlas Mountains, Agafay Desert & camels', 'Desert Agafay and Atlas Mountains & Camel ride Day Trip From Marrakech']"
13. le Bain de Kasbah,700,https://dynamic-media-cdn.tripadvisor.com/media/photo-o/1d/1a/4e/34/hammam.jpg?w=500&h=400&s=1,https://www.tripadvisor.com//Attraction_Review-g293734-d23401169-Reviews-Le_Bain_de_Kasbah-Marrakech_Marrakech_Safi.html,le Bain de Kasbah,Hammams & Turkish Baths • Spas,9:00 AM - 9:00 PM,"Un Moment magique partagé dans cadre idylique, pour une expérience inoubliable au cœur de Marrakech,Notre objectif est simplement de vous offrir la meilleure expérience possible, grâce à notre large éventail de compétences et à notre riche expérience.","['https://dynamic-media-cdn.tripadvisor.com/media/photo-o/1d/1a/4e/34/hammam.jpg?w=500&h=-1&s=1', 'https://dynamic-media-cdn.tripadvisor.com/media/photo-o/1d/1a/4e/34/hammam.jpg?w=500&h=-1&s=1', 'https://dynamic-media-cdn.tripadvisor.com/media/photo-o/1d/07/67/1c/le-bain-de-kasbah.jpg?w=500&h=-1&s=1', 'https://dynamic-media-cdn.tripadvisor.com/media/photo-o/1d/00/cd/2b/hammam-et-spa-a-marrakech.jpg?w=500&h=-1&s=1', 'https://dynamic-media-cdn.tripadvisor.com/media/photo-o/27/fb/55/1c/le-bain-de-kasbah.jpg?w=500&h=-1&s=1', 'https://dynamic-media-cdn.tripadvisor.com/media/photo-o/27/fb/54/d0/adresse-le-bain-de-kasbah.jpg?w=500&h=-1&s=1', 'https://dynamic-media-cdn.tripadvisor.com/media/photo-o/25/db/bc/2e/le-bain-de-kasbah.jpg?w=500&h=-1&s=1', 'https://dynamic-media-cdn.tripadvisor.com/media/photo-o/25/db/bb/6b/le-bain-de-kasbah.jpg?w=500&h=-1&s=1', 'https://dynamic-media-cdn.tripadvisor.com/media/photo-o/25/d5/bd/4e/le-bain-de-kasbah.jpg?w=500&h=-1&s=1', 'https://dynamic-media-cdn.tripadvisor.com/media/photo-o/25/d5/bc/ae/le-bain-de-kasbah.jpg?w=500&h=-1&s=1']",,"['Mouassine the real traditional Moroccan Hammam', 'Spa and Hammam Experience Including Car Transfers', 'Atlas Mountains and Three Valleys & Waterfalls - Camel ride Day Trip Marrakech', 'Experience Hammam & Massage ', 'Ouzoud Falls Day Trip from Marrakech', '1 Day Guided Tour of World Heritage Kasbah Ait Ben Haddou from Marrakech ', 'Private Atlas Mountains and 5 Valleys Tour from Marrakech - All inclusive -', 'Marrakech To Essaouira Tour | Small-group Day Trip from Marrakech to Essouira ', 'Workshop pottery and céramic', 'Desert Agafay and Atlas Mountains & Camel ride Day Trip From Marrakech', 'Full Day Trip To Ouzoud waterfalls From Marrakech.', 'Spa Hammam & Massage', 'Ouzoud Waterfalls Tour From Marrakech In Group', 'Desert Agafay, Atlas Mountains and Camel Ride Day Trip From Marrakech', 'Ouzoud Waterfalls from Marrakech with Boat Ride ', 'Marajah Spa', 'Alphais Spa', 'Hammam Rosa Bonheur', 'Mor Thai-Spa Traditionnel Thailandais', 'Miss Lalla Hammam Authentique', 'Hammam Paradis', 'Kosyspa', 'Baan Thai institut', ""Les Bains d'Orient Marrakech"", 'Mythic Oriental Spa']"
14. Carresa Group,786,https://dynamic-media-cdn.tripadvisor.com/media/photo-o/28/e6/4f/32/carresa-group.jpg?w=500&h=-1&s=1,https://www.tripadvisor.com//Attraction_Review-g293732-d12193866-Reviews-Carresa_Group-Casablanca_Casablanca_Settat.html,Carresa Group,Taxis & Shuttles,12:00 AM - 11:59 PM,"We are a professional agency specialized in the transfer of airports, inter-city railway stations, hotels or private residences to any address. Our company is different from others in terms of punctuality, reliability, and the highest level of quality of service. Our service is designed to meet all your transportation needs. Carresa is the leader in airport transfers at low prices.","['https://dynamic-media-cdn.tripadvisor.com/media/photo-o/28/e6/4f/32/carresa-group.jpg?w=500&h=-1&s=1', 'https://dynamic-media-cdn.tripadvisor.com/media/photo-o/28/e6/4f/43/carresa-group.jpg?w=500&h=-1&s=1', 'https://dynamic-media-cdn.tripadvisor.com/media/photo-o/28/e6/4f/41/carresa-group.jpg?w=500&h=-1&s=1', 'https://dynamic-media-cdn.tripadvisor.com/media/photo-o/28/e6/4f/39/carresa-group.jpg?w=500&h=-1&s=1', 'https://dynamic-media-cdn.tripadvisor.com/media/photo-o/28/e6/4f/35/carresa-group.jpg?w=500&h=-1&s=1', 'https://dynamic-media-cdn.tripadvisor.com/media/photo-o/28/e6/4f/32/carresa-group.jpg?w=500&h=-1&s=1', 'https://dynamic-media-cdn.tripadvisor.com/media/photo-o/28/e6/4f/2e/carresa-group.jpg?w=500&h=-1&s=1', 'https://dynamic-media-cdn.tripadvisor.com/media/photo-o/22/93/96/8f/carresa-transportation.jpg?w=500&h=-1&s=1', 'https://dynamic-media-cdn.tripadvisor.com/media/photo-o/24/09/ea/dc/minibus-fleet.jpg?w=500&h=-1&s=1', 'https://dynamic-media-cdn.tripadvisor.com/media/photo-o/22/e0/7f/c7/minivan.jpg?w=500&h=-1&s=1']",,"['Private Transfer from Airport to cities Free Waiting Time', 'Casablanca Airport Layover Tour with Return to Airport or Hotel Dropoff', 'Highlights of Casablanca in Private 6 Hour Tour with pickup & drop off included', 'Fez Guided Tour with lunch from Casablanca', 'Marrakech Day Trip including Lunch, Camel Ride from Casablanca', 'Chefchaouen the Blue City Full Day Trip from Casablanca', 'Need a private Driver', 'Casablanca Airport to Hotels and Selected Cities private Transfer', 'Casablanca City Tour ', 'Casablanca City to Marrakech Private Transfer', 'Casablanca and Rabat Day Tour including Lunch', 'Casablanca to Fez - Private Transfer with a Full Tour of Fez', '10D 9N Private Morocco Tour From Casablanca By Imperial Cities And South Desert', 'Best 9-Day Morocco Tour From Casablanca', 'Casablanca Airport (CMN) to Casablanca City Center Private Transfer', 'Premium Transfers & Tours - N4Y', 'Moroccan Activities', 'Chauffeur Prive Maroc', 'Shuttle Layover and Tours', 'Navette Casablanca', 'Tamaris Golden Tours', 'Casablanca Tours', 'Excelance Trans', 'Nice Week Tours', 'Morocco Traveling']"
15. Cooking Class with Chef Khmisa,803,https://dynamic-media-cdn.tripadvisor.com/media/photo-o/15/87/6f/5d/getlstd-property-photo.jpg?w=500&h=-1&s=1,https://www.tripadvisor.com//Attraction_Review-g293734-d15554488-Reviews-Cooking_Class_with_Chef_Khmisa-Marrakech_Marrakech_Safi.html,Cooking Class with Chef Khmisa,Cooking Classes,"10:00 AM - 2:00 PM, 3:30 PM - 7:00 PM","Khmisa and Kawtar, two Moroccan women passionate about cooking, welcome you to a local experience in Marrakech for a meal at Khmisa's place in the heart of the Medina in the pure Moroccan cuisine tradition and in a family and warm atmosphere. Khmisa, Chef for 25 years now, specialised in Morrocan cuisine and pastry, has worked for several renowned hotel establishments in the cities of Rabat and Marrakech. Kawtar, graduated with a bachelor degree in hospitality and tourism will also assist you during your cooking class and help with the communication between you and the Chef.","['https://dynamic-media-cdn.tripadvisor.com/media/photo-o/15/87/6f/5d/getlstd-property-photo.jpg?w=500&h=-1&s=1', 'https://dynamic-media-cdn.tripadvisor.com/media/photo-o/19/83/9f/ab/teamwork-making-a-tajine.jpg?w=500&h=-1&s=1', 'https://dynamic-media-cdn.tripadvisor.com/media/photo-o/17/06/3e/22/souk.jpg?w=500&h=-1&s=1', 'https://dynamic-media-cdn.tripadvisor.com/media/photo-o/17/06/32/ce/fresh-mint-for-the-tea.jpg?w=500&h=-1&s=1', 'https://dynamic-media-cdn.tripadvisor.com/media/photo-o/17/01/73/fb/picking-fresh-vegetables.jpg?w=500&h=-1&s=1', 'https://dynamic-media-cdn.tripadvisor.com/media/photo-o/16/f2/f9/c7/market.jpg?w=500&h=-1&s=1', 'https://dynamic-media-cdn.tripadvisor.com/media/photo-o/16/f2/f9/75/cooking-class.jpg?w=500&h=-1&s=1', 'https://dynamic-media-cdn.tripadvisor.com/media/photo-o/16/ec/f0/a9/tajine-preparation.jpg?w=500&h=-1&s=1', 'https://dynamic-media-cdn.tripadvisor.com/media/photo-o/15/d0/03/8b/vegetable-tajine.jpg?w=500&h=-1&s=1', 'https://dynamic-media-cdn.tripadvisor.com/media/photo-o/28/bd/10/65/cours-de-cuisine-chez.jpg?w=500&h=-1&s=1']","Chef Khmisa's Place, Medina near the Central Square of Jemaa El Fna Dar El Bacha, Marrakech 40000 Morocco","['Moroccan Cooking Class Marrakech with Chef Khmisa', 'Moroccan Hands on traditional pastries & Tea class in Marrakech ', 'Make your own Couscous with Chef Khmisa', ' Make Variety of Moroccan Crepes with a Local', 'Online Moroccan Cooking experience with local Chef', 'Make authentic Argan Oil with Local', 'Personal Shopper in Marrakech', 'Moroccan Cheese and Bread Making workshop', 'Private Moroccan cooking classes and hammam experience with massage in Marrakech', 'One Life Trips - Marrakech', 'najlae el rhazi', 'LAMAI CHEF', 'Cooking Workshops at La Maison Arabe', 'Mali Travel', 'Cooking Class with Chef Yassine & Mommy', 'herboriste secret', 'Atelier De Cuisine Chef Tarik Orty-Ct', ""Faim d'Epices"", 'Lotus Chef']"
16. Golden Bird Bazaar,483,https://dynamic-media-cdn.tripadvisor.com/media/photo-o/1d/78/ff/09/our-hand-made-products.jpg?w=500&h=-1&s=1,https://www.tripadvisor.com//Attraction_Review-g294202-d10449467-Reviews-Golden_Bird_Bazaar-Giza_Giza_Governorate.html,Golden Bird Bazaar,Speciality & Gift Shops,9:00 AM - 9:00 PM,"The finest souvenirs gallery in greater Cairo , located in AL Ahram Area , Giza , 26 -Zaghloul street , Specified in Diamond , gold , Silver ( Hand made products ) takes you to the ancient Egypt Taste","['https://dynamic-media-cdn.tripadvisor.com/media/photo-o/1d/78/ff/09/our-hand-made-products.jpg?w=500&h=-1&s=1', 'https://dynamic-media-cdn.tripadvisor.com/media/photo-o/1d/78/ff/1b/our-hand-made-products.jpg?w=500&h=-1&s=1', 'https://dynamic-media-cdn.tripadvisor.com/media/photo-o/1d/78/ff/1a/our-hand-made-products.jpg?w=500&h=-1&s=1', 'https://dynamic-media-cdn.tripadvisor.com/media/photo-o/1d/78/ff/19/unique-peices.jpg?w=500&h=-1&s=1', 'https://dynamic-media-cdn.tripadvisor.com/media/photo-o/1d/78/ff/17/our-hand-made-products.jpg?w=500&h=-1&s=1', 'https://dynamic-media-cdn.tripadvisor.com/media/photo-o/1d/78/ff/11/our-hand-made-products.jpg?w=500&h=-1&s=1', 'https://dynamic-media-cdn.tripadvisor.com/media/photo-o/1d/78/ff/10/unique-peices.jpg?w=500&h=-1&s=1', 'https://dynamic-media-cdn.tripadvisor.com/media/photo-o/1d/78/ff/0e/our-hand-made-products.jpg?w=500&h=-1&s=1', 'https://dynamic-media-cdn.tripadvisor.com/media/photo-o/1d/78/ff/0d/our-hand-made-products.jpg?w=500&h=-1&s=1', 'https://dynamic-media-cdn.tripadvisor.com/media/photo-o/1d/78/ff/0a/our-hand-made-products.jpg?w=500&h=-1&s=1']","17 Buliss Hanah St Dokki Pyramids Area, Giza 12156 Egypt","['8-Hour Private Tour of the Pyramids, Egyptian Museum and Bazaar from Cairo', 'Real Cairo Food Tour Experience (Eat like a local)', 'Top Day Tour To Giza Pyramids & Memphis City & Sakkara Pyramid ', 'All inclusive Tour Giza Pyramids,Sphinx, Lunch,One Hour Quadbike,Camel ride ', 'All Saqqara treasures (Pyramids and Tombs) and the underground Serapeum', 'Half Day Tour Giza Pyramids and Great Sphinx with Private Tour Guide', '4x4 Desert Safari, Sandsurf, and Camel Ride in Cairo', 'Day Trip to Giza Pyramids Old Cairo Citadel and Bazaar', 'Discover The Palaces of Cairo', 'Try Dinner Cruise in Cairo Nile with unique shows 5 Stars(Luxury)', 'Private All Inclusive: Giza Pyramids, Sphinx, Memphis, Saqqara, Lunch & Camels', 'Giza pyramids ,sphinx ,ATV bike ,camel ride ,shopping tour & dinner show', 'Evening Dinner Nile Cruise in Cairo with Private Transport', 'Cairo Food Tour', ""Guided Visit to Cairo's Khan el-Khalili Market with Koshary dish "", 'Topaz Bazaar', 'Instagram Style Photo-shoot at Pyramids', 'Egypt Papyrus Museum', 'Ramses Wissa Wassef Art Centre', 'Gallivant Egypt Tours GET', 'Sondos Papyrus', 'Kadmar Travel', 'pyramids palace', 'Philae Bazaar', 'Tour De Egypt']"
17. Taxi Sharm,408,https://dynamic-media-cdn.tripadvisor.com/media/photo-o/17/ff/25/a7/caption.jpg?w=500&h=400&s=1,https://www.tripadvisor.com//Attraction_Review-g297555-d17639665-Reviews-Taxi_Sharm-Sharm_El_Sheikh_South_Sinai_Red_Sea_and_Sinai.html,Taxi Sharm,Taxis & Shuttles,,"Airport transfer service safe reliable drivers with clean new cars will be waiting to meet your flught or collect you from your accomodation great fixed prices for all around sharm and surrounding area. Contact via e mail, phone, whats app or viber 

Egyptian number +201008225002

United kingdom number +447384960782","['https://dynamic-media-cdn.tripadvisor.com/media/photo-o/17/ff/25/a7/caption.jpg?w=500&h=-1&s=1', 'https://media-cdn.tripadvisor.com/media/attractions-splice-spp-120x80/07/a8/1a/2a.jp?w=500&h=-1&s=1', 'https://media-cdn.tripadvisor.com/media/attractions-splice-spp-120x80/07/a8/1a/b6.jp?w=500&h=-1&s=1', 'https://media-cdn.tripadvisor.com/media/attractions-splice-spp-120x80/09/21/e7/30.jp?w=500&h=-1&s=1', 'https://media-cdn.tripadvisor.com/media/attractions-splice-spp-120x80/09/21/e7/37.jp?w=500&h=-1&s=1', 'https://media-cdn.tripadvisor.com/media/attractions-splice-spp-120x80/09/21/e7/4c.jp?w=500&h=-1&s=1', 'https://media-cdn.tripadvisor.com/media/attractions-splice-spp-120x80/09/28/63/6d.jp?w=500&h=-1&s=1', 'https://media-cdn.tripadvisor.com/media/attractions-splice-spp-120x80/09/28/63/73.jp?w=500&h=-1&s=1', 'https://media-cdn.tripadvisor.com/media/attractions-splice-spp-120x80/09/28/63/7d.jp?w=500&h=-1&s=1', 'https://media-cdn.tripadvisor.com/media/attractions-splice-spp-120x80/09/28/63/93.jp?w=500&h=-1&s=1']","King abdullah street naama bay, Sharm El Sheikh 46628 Egypt","['Private Sharm El Sheikh Airport Transfers', 'Sharm el Sheikh Private Airport Transfer', 'Excursion to the White Island & Ras Mohammed National Park from Sharm El Sheikh', 'Sharm El Sheikh Airport Private Transfer', '1 Day Tour to Pyramids from Sharm-el-Sheikh by flight', 'Sharm El Skiekh Private Transfer from Airport To Any Hotel in Sharm', 'Day trip to Cairo by bus from Sharm el Sheikh', 'Private Day from Sharm to Cairo by plane, all entrance fees, Camel, Lunch, Guide', 'Cairo 1 Day Tour by Plane from Sharm El Sheikh', 'Snorkeling Day Trip to White Island and Ras Mohamed from Sharm', 'Quad Biking Tour in Sharm El Sheikh Desert', 'Private Yacht Full Day in Sharm El Sheikh', 'Day trip to Petra by ferry from Sharm el Sheikh', 'Sharm El Sheikh Desert Adventure (5X1)', 'Day trip from Sharm el Sheikh to Cairo by plane', 'Sharm Airport Transfers Karim', 'Limousine Sharm', 'Jasmine Tours', 'Sharm Wonders', 'Camel transfers & tours', 'GM Travel Solution', 'Cinderellaeldawley diving center', 'Red Sea Experience', 'Kiteboarding os', 'Intours Egypt Sharm Elsheikh']"
18. Zanzitaxi,466,https://dynamic-media-cdn.tripadvisor.com/media/photo-o/1a/99/fa/b8/zanzitaxi.jpg?w=500&h=-1&s=1,https://www.tripadvisor.com//Attraction_Review-g8055401-d12544806-Reviews-Zanzitaxi-Zanzibar_City_Zanzibar_Island_Zanzibar_Archipelago.html,Zanzitaxi,Taxis & Shuttles,12:00 AM - 11:59 PM,"Zanzitaxi is Zanzibar's most reliable taxiservice and touroperator. We make it our responsibility to ensure your transfer is stress-free and on time, at an affordable fixed price. We offer a meet & greet service at the airport and we arrange the most popular tours on Zanzibar with no added costs. Contact us through our website or find us on Facebook!","['https://dynamic-media-cdn.tripadvisor.com/media/photo-o/1a/99/fa/b8/zanzitaxi.jpg?w=500&h=-1&s=1', 'https://dynamic-media-cdn.tripadvisor.com/media/photo-o/1a/9a/01/3e/zanzitaxi-s-mr-ally-at.jpg?w=500&h=-1&s=1', 'https://dynamic-media-cdn.tripadvisor.com/media/photo-o/28/bd/aa/ed/zanzitaxi.jpg?w=500&h=-1&s=1', 'https://dynamic-media-cdn.tripadvisor.com/media/photo-o/28/bd/aa/ec/zanzitaxi.jpg?w=500&h=-1&s=1', 'https://dynamic-media-cdn.tripadvisor.com/media/photo-o/28/bd/aa/df/zanzitaxi.jpg?w=500&h=-1&s=1', 'https://dynamic-media-cdn.tripadvisor.com/media/photo-o/28/bd/aa/de/zanzitaxi.jpg?w=500&h=-1&s=1', 'https://dynamic-media-cdn.tripadvisor.com/media/photo-o/28/12/07/75/caption.jpg?w=500&h=-1&s=1', 'https://dynamic-media-cdn.tripadvisor.com/media/photo-o/28/12/07/74/caption.jpg?w=500&h=-1&s=1', 'https://dynamic-media-cdn.tripadvisor.com/media/photo-o/28/12/07/73/caption.jpg?w=500&h=-1&s=1', 'https://dynamic-media-cdn.tripadvisor.com/media/photo-o/28/12/07/72/caption.jpg?w=500&h=-1&s=1']",,"['Affordable and Reliable Taxi Services in Zanzibar Island', 'Day Safari tour to Selous Game Reserve from Zanzibar', 'Dolphin tour, Jozani Forest, Jambiani Kuza Cave, Paje Beach &The Rock restaurent', 'Private Dolphin Tour and Snorkeling at Mnemba Island reef', 'Super Zanzi (3-IN-1): Prison, Vanishing Island & Stone Town - Zanzibar', 'Zanibar Prison Island Boat Trip', 'Dolphin Tour and Snorkeling at Mnemba Island reef from Nungwi', 'Historic Stone Town Tour', 'Zanzibar Airport Pickup/Shuttles', 'Zanzibar Stone Town Walking Tour', 'Snorkeling at Mnemba Atoll', 'Zanzibar Private Taxi Service ', 'Stone Town Private Walking Tour', '5-Hour Snorkeling, Swimming with Dolphins and Sea Turtles Aquarium', 'A Day Trip To Mikumi fly from Zanzibar', 'Ztrans Taxi Zanzibar', 'Coastline Tours and Travel', 'Zantrek Holiday', 'Rajabs Transport Zanzibar', 'BAHARI UROA TOURS', 'Suley Taxi Driver Zanzibar and Tours', 'Zanzibar Tours & Rental', 'Rama Zanzibar Beach Tours & Safaris', 'ZANZIBAR TOUR GUIDE', 'Zanzi Dream Tours']"
19. Egypt Tours Portal,"3,991",https://dynamic-media-cdn.tripadvisor.com/media/photo-o/29/11/87/41/egypt-tours-portal-logo.jpg?w=500&h=400&s=1,https://www.tripadvisor.com//Attraction_Review-g294201-d2109137-Reviews-Egypt_Tours_Portal-Cairo_Cairo_Governorate.html,Egypt Tours Portal,"Multi-day Tours • Cultural Tours • 4WD, ATV & Off-Road Tours • Private Tours • Day Trips",,,[],,[]
20. Pyramids Diving Center,"3,998",https://dynamic-media-cdn.tripadvisor.com/media/photo-o/25/51/9e/3b/colors-that-make-you.jpg?w=500&h=400&s=1,https://www.tripadvisor.com//Attraction_Review-g297555-d1432066-Reviews-Pyramids_Diving_Center-Sharm_El_Sheikh_South_Sinai_Red_Sea_and_Sinai.html,Pyramids Diving Center,Scuba & Snorkelling • Shark Diving • Swim with Dolphins • Boat Tours • Sightseeing Tours,12:00 AM - 11:59 PM,,[],,[]
21. Sharm Airport Transfers Karim,345,https://dynamic-media-cdn.tripadvisor.com/media/photo-o/19/0d/82/ac/caption.jpg?w=500&h=400&s=1,https://www.tripadvisor.com//Attraction_Review-g297555-d17523327-Reviews-Sharm_Airport_Transfers_Karim-Sharm_El_Sheikh_South_Sinai_Red_Sea_and_Sinai.html,Sharm Airport Transfers Karim,Taxis & Shuttles,12:00 AM - 11:30 PM,Airport transfer service safe reliable drivers with new clean cars will be waiting to meet your flight or collect you from your accommodation great fixed prices for all around Sharm and surrounding areas,"['https://dynamic-media-cdn.tripadvisor.com/media/photo-o/19/0d/82/ac/caption.jpg?w=500&h=-1&s=1', 'https://media-cdn.tripadvisor.com/media/attractions-splice-spp-120x80/07/a4/1f/e6.jp?w=500&h=-1&s=1', 'https://media-cdn.tripadvisor.com/media/attractions-splice-spp-120x80/07/97/f0/5a.jp?w=500&h=-1&s=1', 'https://media-cdn.tripadvisor.com/media/attractions-splice-spp-120x80/07/97/f0/94.jp?w=500&h=-1&s=1', 'https://media-cdn.tripadvisor.com/media/attractions-splice-spp-120x80/09/27/6e/af.jp?w=500&h=-1&s=1', 'https://media-cdn.tripadvisor.com/media/attractions-splice-spp-120x80/09/27/6e/be.jp?w=500&h=-1&s=1', 'https://media-cdn.tripadvisor.com/media/attractions-splice-spp-120x80/09/4c/fb/b7.jp?w=500&h=-1&s=1', 'https://media-cdn.tripadvisor.com/media/attractions-splice-spp-120x80/09/4c/fc/84.jp?w=500&h=-1&s=1', 'https://media-cdn.tripadvisor.com/media/attractions-splice-spp-120x80/09/4c/fc/8a.jp?w=500&h=-1&s=1', 'https://dynamic-media-cdn.tripadvisor.com/media/photo-o/17/fd/4c/08/photo0jpg.jpg?w=500&h=-1&s=1']","King Abdullah Street Naama Bay, Sharm El Sheikh 46628 Egypt","['Private Sharm El Sheikh Airport Transfers', 'Sharm el Sheikh Private Airport Transfer', 'Sharm El Sheikh Airport Private Transfer', 'Sharm El Skiekh Private Transfer from Airport To Any Hotel in Sharm', 'Day trip to Cairo by bus from Sharm el Sheikh', 'Excursion to the White Island & Ras Mohammed National Park from Sharm El Sheikh', 'Safari 5 in 1 Quads, Camels, Show, Dinner & Star Gazing in Sharm El Sheikh', 'Private Day from Sharm to Cairo by plane, all entrance fees, Camel, Lunch, Guide', 'Snorkeling Day Trip to White Island and Ras Mohamed from Sharm', 'Cairo 1 Day Tour by Plane from Sharm El Sheikh', '1 Day Tour to Pyramids from Sharm-el-Sheikh by flight', 'Day trip from Sharm el Sheikh to Cairo by plane', 'Snorkeling Day To White Island And Ras Mohamed By VIP Boat-Sharm ', 'Sharm El Sheikh Desert Adventure (5X1)', 'Tiran Island Snorkeling Excursion', 'Taxi Sharm', 'Limousine Sharm', 'Jasmine Tours', 'Sharm Wonders', 'Camel transfers & tours', 'GM Travel Solution', 'Cinderellaeldawley diving center', 'Red Sea Experience', 'Kiteboarding os', 'Intours Egypt Sharm Elsheikh']"
22. Ztrans Taxi Zanzibar,410,https://dynamic-media-cdn.tripadvisor.com/media/photo-o/21/72/d6/19/here-you-are.jpg?w=500&h=400&s=1,https://www.tripadvisor.com//Attraction_Review-g8055401-d13970609-Reviews-Ztrans_Taxi_Zanzibar-Zanzibar_City_Zanzibar_Island_Zanzibar_Archipelago.html,Ztrans Taxi Zanzibar,Taxis & Shuttles,12:00 AM - 11:59 PM,"Ztrans is a taxi company that aim to provide reliable taxi services with affordable prices. We take unique approach in providing memorable safe driving experience in Zanzibar. We have got best conditioned cars and experienced drivers with full of knowledge about social, econimical, political and cultural of Zanzibar islands. We are talking this chance to welcome all of you in Zanzibar and for better services Ztrans will be always here to serve you,to the maximum of your expectations and satisfaction. Than you and you are most Welcome to ZTRANS -Taxi & Car Rentals.","['https://dynamic-media-cdn.tripadvisor.com/media/photo-o/21/72/d6/19/here-you-are.jpg?w=500&h=-1&s=1', 'https://dynamic-media-cdn.tripadvisor.com/media/photo-o/21/72/d6/19/here-you-are.jpg?w=500&h=-1&s=1', 'https://dynamic-media-cdn.tripadvisor.com/media/photo-o/15/7c/07/5d/join-us-to-explore-beauty.jpg?w=500&h=-1&s=1', 'https://dynamic-media-cdn.tripadvisor.com/media/photo-o/15/7c/05/e0/on-top-of-people-s-palace.jpg?w=500&h=-1&s=1', 'https://dynamic-media-cdn.tripadvisor.com/media/photo-o/21/72/d7/6f/this-car-for-rent.jpg?w=500&h=-1&s=1', 'https://dynamic-media-cdn.tripadvisor.com/media/photo-o/21/72/d6/99/is-waitiing-for-you.jpg?w=500&h=-1&s=1', 'https://dynamic-media-cdn.tripadvisor.com/media/photo-o/21/72/d5/0e/welcome-on-board-we-have.jpg?w=500&h=-1&s=1', 'https://dynamic-media-cdn.tripadvisor.com/media/photo-o/1c/48/bb/2b/village-tour-zanzibar.jpg?w=500&h=-1&s=1', 'https://dynamic-media-cdn.tripadvisor.com/media/photo-o/1a/39/51/d5/one-touch-of-nature-makes.jpg?w=500&h=-1&s=1', 'https://dynamic-media-cdn.tripadvisor.com/media/photo-o/1a/39/50/bc/swim-with-dolphin-and.jpg?w=500&h=-1&s=1']",,"['Affordable and Reliable Taxi Services in Zanzibar Island', 'Day Safari tour to Selous Game Reserve from Zanzibar', 'Zanzibar Private Taxi Service ', 'Zanzibar Taxi Service', 'Zanzibar Stone Town Walking Tour', 'Dolphin Tour and Snorkeling at Mnemba Island reef from Nungwi', 'Zanzibar Airport Pickup/Shuttles', 'Dolphin tour, Jozani Forest, Jambiani Kuza Cave, Paje Beach &The Rock restaurent', 'Zanibar Prison Island Boat Trip', 'Historic Stone Town Tour', 'Luxury Spice Tour With Lunch', 'Stone town and prison Island tour', 'Stone Town Private Walking Tour', 'Super Zanzi (3-IN-1): Prison, Vanishing Island & Stone Town - Zanzibar', 'Full Day Safari Blue Zanzibar', 'Zanzitaxi', 'Coastline Tours and Travel', 'Zantrek Holiday', 'Rajabs Transport Zanzibar', 'BAHARI UROA TOURS', 'Suley Taxi Driver Zanzibar and Tours', 'Zanzibar Tours & Rental', 'Rama Zanzibar Beach Tours & Safaris', 'ZANZIBAR TOUR GUIDE', 'Zanzi Dream Tours']"
23. Iridium Spa,254,https://dynamic-media-cdn.tripadvisor.com/media/photo-o/1c/a4/90/d2/once-you-step-into-the.jpg?w=500&h=400&s=1,https://www.tripadvisor.com//Attraction_Review-g294201-d23144030-Reviews-Iridium_Spa-Cairo_Cairo_Governorate.html,Iridium Spa,Health Clubs • Spas • Thermal Spas,10:00 AM - 12:00 AM,"Iridium Spa represents one of the essences of The St. Regis brand. It is a sanctuary for the extraordinary and one of a kind when it comes to bespoke services and living exquisitely. It brings creativity, curation and high culture all in one place—conveying serenity for those who seek peace and relaxation.","['https://dynamic-media-cdn.tripadvisor.com/media/photo-o/1c/a4/90/d2/once-you-step-into-the.jpg?w=500&h=-1&s=1', 'https://dynamic-media-cdn.tripadvisor.com/media/photo-o/22/5c/2a/e4/experience-serenity-like.jpg?w=500&h=-1&s=1', 'https://dynamic-media-cdn.tripadvisor.com/media/photo-o/22/5c/2a/e0/treat-yourself-to-a-relaxing.jpg?w=500&h=-1&s=1', 'https://dynamic-media-cdn.tripadvisor.com/media/photo-o/22/5c/2a/d5/discover-head-to-toe.jpg?w=500&h=-1&s=1', 'https://dynamic-media-cdn.tripadvisor.com/media/photo-o/22/5c/2a/cf/commence-your-days-with.jpg?w=500&h=-1&s=1', 'https://dynamic-media-cdn.tripadvisor.com/media/photo-o/22/5c/2a/cc/slip-into-the-world-of.jpg?w=500&h=-1&s=1', 'https://dynamic-media-cdn.tripadvisor.com/media/photo-o/22/5c/2a/c5/bringing-you-the-ultimate.jpg?w=500&h=-1&s=1', 'https://dynamic-media-cdn.tripadvisor.com/media/photo-o/22/5c/2a/c1/relax-recharge-and-rejuvenate.jpg?w=500&h=-1&s=1', 'https://dynamic-media-cdn.tripadvisor.com/media/photo-o/22/5c/2a/b9/immerse-yourself-in-a.jpg?w=500&h=-1&s=1', 'https://dynamic-media-cdn.tripadvisor.com/media/photo-o/22/5c/2a/b7/unwind-and-restore-your.jpg?w=500&h=-1&s=1']","1189 Nile Corniche The St. Regis Cairo, Cairo 11221 Egypt","['Day-Tour to the Red Sea from Cairo', 'Siwa Oasis Tour from Cairo', '8-Hour Private Tour of the Pyramids, Egyptian Museum and Bazaar from Cairo', 'Day-Trip to Alexandria from Cairo by Private Car', 'Cairo Food Tour', 'Evening Dinner Nile Cruise in Cairo with Private Transport', '2-Hour Nile River Night Dinner Cruise From Cairo', 'Full-Day Tour from Cairo: Giza Pyramids, Sphinx, Memphis, and Saqqara', 'Luxury Felucca on the Nile with Lunch ', 'Cairo Dinner Cruise on the River Nile with Belly Dancing Show', 'VIP Meet and Assist upon arrival at Cairo Airport- (with Hotel Private Transfer)', 'All inclusive trip Giza Pyramids,Egyptian Museum,Sphinx,Bazar,Camel Ride,Lunch', 'Private tour Giza Pyramids Sphinx &Sakkara Complex and Shopping ', 'Local Cairo Food tour', 'Guided Tour To Alexandria From Cairo', 'Le Quell Elite', 'Kempinski The Spa', 'Mandara Spa At JW Marriott Cairo', 'Bliss Spa', 'The Resense Spa', 'Willow Stream Spa, Fairmont Nile City', 'Devarana Spa', 'Spa at Four Seasons Hotel Cairo at Nile Plaza', 'Boutique Spa Zamalek', 'Tetouan Spa']"
24. Mahe Cab Services (Brandon),403,https://dynamic-media-cdn.tripadvisor.com/media/photo-o/13/18/dd/66/mahe-cab-services-brandon.jpg?w=500&h=-1&s=1,https://www.tripadvisor.com//Attraction_Review-g298572-d12512417-Reviews-Mahe_Cab_Services_Brandon-Victoria_Mahe_Island.html,Mahe Cab Services (Brandon),Taxis & Shuttles,6:00 AM - 8:00 PM,We offer Transfer from the Airport to your hotel and vise-versa at the best rates with the best service. Go on a guided tour of the Island and see amazing panoramas and secluded beaches. Please Review and Comment only if you have used this Service in Seychelles.,"['https://dynamic-media-cdn.tripadvisor.com/media/photo-o/13/18/dd/66/mahe-cab-services-brandon.jpg?w=500&h=-1&s=1', 'https://dynamic-media-cdn.tripadvisor.com/media/photo-o/10/ac/62/65/best-taxi-service-in.jpg?w=500&h=-1&s=1', 'https://dynamic-media-cdn.tripadvisor.com/media/photo-o/11/42/a7/ef/port-launay.jpg?w=500&h=-1&s=1', 'https://dynamic-media-cdn.tripadvisor.com/media/photo-o/12/4c/42/01/hellooooooo.jpg?w=500&h=-1&s=1', 'https://dynamic-media-cdn.tripadvisor.com/media/photo-o/12/4c/41/44/birds-of-seychelles.jpg?w=500&h=-1&s=1', 'https://dynamic-media-cdn.tripadvisor.com/media/photo-o/12/4c/40/cd/fruit-bat.jpg?w=500&h=-1&s=1', 'https://dynamic-media-cdn.tripadvisor.com/media/photo-o/12/4c/3f/2e/comfortable-car-with.jpg?w=500&h=-1&s=1', 'https://dynamic-media-cdn.tripadvisor.com/media/photo-o/12/44/6a/ab/amazing.jpg?w=500&h=-1&s=1', 'https://dynamic-media-cdn.tripadvisor.com/media/photo-o/12/44/69/fe/touring-mahe-is-fun.jpg?w=500&h=-1&s=1', 'https://dynamic-media-cdn.tripadvisor.com/media/photo-o/12/16/61/13/selwyn-selwyn-clark-market.jpg?w=500&h=-1&s=1']",,"['Seychelles Airport & Hotel Transfers (1 WAY ONLY)', 'Beautiful island tour 5-6 hours | Mahé | Seychelles | Private Tour | Day trip', 'Seychelles VIP Transport Services ', 'Praslin & La Digue (Shared Day Trip)', 'St Anne Marine Park & Moyenne Island Full day boat trip from Mahe (Private Boat)', 'Seychelles Island Tour (PRIVATE 4 hours or 8 Hours)', 'Semi Submarine Tour in Saint Anne Marine National Park', 'Private Mahé island tour', 'Island tour with the beach buggy', 'La Digue, Curiuese, St. Pierre, Anse Lazio by boat from Mahe (Private Boat)', 'Reef Safari - Snorkeling, Fish Feeding & Lunch (Shared Day Trip)', 'Enchanted Walk in the Vallee de Mai (From Praslin)', 'Rock pool, fantastic & unique experience | Mahé | Private walking tour | NEW', 'Victoria City Walking Tour | Mahé, Seychelles | Private tour on foot | Barrier-free', 'Cat Cocos: Mahe to Praslin Island Fast Ferry', 'Doffay Car Rental', 'Sey Taxi', 'Seychelles Taxi, Tour & Music Entertainment', 'Henderson Taxi and Tours Seychelles', 'Seychelles Taxi Touring', 'Sey Tours', 'Seychelles Public Transport Corporation', 'TAXI BOAT Happiness', 'Ocean Blue Travel Seychelles', 'SeyFerry']"
25. Morocco Global Adventures,"4,225",https://dynamic-media-cdn.tripadvisor.com/media/photo-o/15/ca/91/66/moroccan-sahara-tours.jpg?w=500&h=-1&s=1,https://www.tripadvisor.com//Attraction_Review-g293734-d13447459-Reviews-Morocco_Global_Adventures-Marrakech_Marrakech_Safi.html,Morocco Global Adventures,"City Tours • Multi-day Tours • 4WD, ATV & Off-Road Tours • Private Tours • Day Trips",12:00 AM - 11:59 PM,,[],,[]
26. Marco Paradise Tour,304,https://dynamic-media-cdn.tripadvisor.com/media/photo-o/0d/5c/31/bb/getlstd-property-photo.jpg?w=500&h=-1&s=1,https://www.tripadvisor.com//Attraction_Review-g293817-d11712875-Reviews-Marco_Paradise_Tour-Port_Louis.html,Marco Paradise Tour,Taxis & Shuttles,,"Marco Paradise Tours provides individual and group travel to leisure clients. Services and products provided by Marco Paradise Tours include pre-arranged tours, custom packages according to client’s specifications, travel consultation, and reservations for lodging amongst other related services. Attractions : Blue Safari ,Port louis + citadelle fort +pamplemous garden + aventure du sucre","['https://dynamic-media-cdn.tripadvisor.com/media/photo-o/0d/5c/31/bb/getlstd-property-photo.jpg?w=500&h=-1&s=1', 'https://dynamic-media-cdn.tripadvisor.com/media/photo-o/27/c3/29/0e/waterfalls.jpg?w=500&h=-1&s=1', 'https://dynamic-media-cdn.tripadvisor.com/media/photo-o/27/c3/28/cc/bridge.jpg?w=500&h=-1&s=1', 'https://dynamic-media-cdn.tripadvisor.com/media/photo-o/27/c3/28/91/zeplaing.jpg?w=500&h=-1&s=1', 'https://dynamic-media-cdn.tripadvisor.com/media/photo-o/27/c3/28/21/paradise.jpg?w=500&h=-1&s=1', 'https://dynamic-media-cdn.tripadvisor.com/media/photo-o/27/c3/27/f7/bleu-bay-park-marine.jpg?w=500&h=-1&s=1', 'https://dynamic-media-cdn.tripadvisor.com/media/photo-o/27/c3/27/b2/catamaran-trips-ile-aux.jpg?w=500&h=-1&s=1', 'https://dynamic-media-cdn.tripadvisor.com/media/photo-o/27/c3/27/52/catamaran-trips.jpg?w=500&h=-1&s=1', 'https://dynamic-media-cdn.tripadvisor.com/media/photo-o/27/c3/27/1a/bois-cherie-tea-plantation.jpg?w=500&h=-1&s=1', 'https://dynamic-media-cdn.tripadvisor.com/media/photo-o/23/4b/20/3b/snorkeling.jpg?w=500&h=-1&s=1']",,"['Lydia Boat Dolphin watching&swimming/Private boat tour/BBQ on Benitier Island', 'Authentic South Tour', 'Mauritius full day : Private north tour ', 'Port-Louis Street Food Tour', 'Mauritius Airport Transfer', 'Mauritius Full day tour of the South west', 'Full-Day Catamaran Cruise to Île aux Cerfs with BBQ Lunch', ' Mauritius full day tour : Private south west with lunch', 'Full-Day Tour of South West Mauritius', 'Private North Day Tour: Botanical Garden, Sugar Museum, Rum Tasting, Port Louis', 'Snorkeling with Giant Turtles, The Red Church, Pamplemousses Garden & Port Louis', 'Hiking Le Morne Brabant ', 'Full-Day South Tour of Mauritius, ALL INCLUSIVE Day Trip, Private SUV Car, Guide', 'Discovering the North of Mauritius: Full-day incl Botanical garden & lunch ', 'Full-Day Mauritius Volcanic Wonders Tour Including Swimming with Wild Dolphins', 'Taxi Mauritius Transfer', 'Taxi Service Mauritius', 'Vishal Taxi Ile Maurice', 'Taxi Service Dinan ile maurice', 'San Taxi', 'Peak Tours by Arnaud Peka', 'Mauritius Taxi Transfers', 'Isa Mauritius', ""Cote D'Azur Travel & Tours"", 'MUTT- Mauritius Travel Tours']"
27. Gansbaai & Pearly Beach Horse Trails,378,https://dynamic-media-cdn.tripadvisor.com/media/photo-o/12/d7/d1/c6/pearlybeachhorsetrails.jpg?w=500&h=400&s=1,https://www.tripadvisor.com//Attraction_Review-g472522-d13970529-Reviews-Gansbaai_Pearly_Beach_Horse_Trails-Gansbaai_Overstrand_Overberg_District_Western.html,Gansbaai & Pearly Beach Horse Trails,Equestrian Trails • Horseback Riding Tours,9:00 AM - 5:00 PM,"Gansbaai & Pearly Beach Horse Trails invite you on a memorable horseback adventure that will take you through a dune forest and across the pristine white sandy beaches of one of the most tranquil stretches of the Cape Whale Coastline. Enjoy individual and knowledgeable attention from your personal trail guide, Sarah Coronaios, who will share with you her passion for horses and the Overberg. Southern Right Whales are plentiful in season and the lure of a dip in the cool blue Atlantic beckons on hot trail-riding days. With over 30 years of hands-on experience in riding instruction, natural horse training and trail riding, Sarah Coronaios would like to share her passion with other horse enthusiasts. An excursion on horseback with Gansbaai and Pearly Beach Horse Trails is undoubtedly the most exhilarating way to explore one of the most secluded and pristine stretches on the Cape Whale Coast. Two well appointed, self-catering cottages are available on the farm.","['https://dynamic-media-cdn.tripadvisor.com/media/photo-o/12/d7/d1/c6/pearlybeachhorsetrails.jpg?w=500&h=-1&s=1', 'https://dynamic-media-cdn.tripadvisor.com/media/photo-o/1d/c8/c3/df/make-your-bucket-list.jpg?w=500&h=-1&s=1', 'https://dynamic-media-cdn.tripadvisor.com/media/photo-o/1d/c8/c3/c0/make-your-bucket-list.jpg?w=500&h=-1&s=1', 'https://dynamic-media-cdn.tripadvisor.com/media/photo-o/1d/c8/c3/b2/make-your-bucket-list.jpg?w=500&h=-1&s=1', 'https://dynamic-media-cdn.tripadvisor.com/media/photo-o/1d/c8/c3/a3/make-your-bucket-list.jpg?w=500&h=-1&s=1', 'https://dynamic-media-cdn.tripadvisor.com/media/photo-o/1a/4e/45/5d/gansbaai-pearly-beach.jpg?w=500&h=-1&s=1', 'https://dynamic-media-cdn.tripadvisor.com/media/photo-o/1a/4e/45/3f/gansbaai-pearly-beach.jpg?w=500&h=-1&s=1', 'https://dynamic-media-cdn.tripadvisor.com/media/photo-o/1a/4e/44/8a/gansbaai-pearly-beach.jpg?w=500&h=-1&s=1', 'https://dynamic-media-cdn.tripadvisor.com/media/photo-o/1a/4e/44/24/gansbaai-pearly-beach.jpg?w=500&h=-1&s=1', 'https://dynamic-media-cdn.tripadvisor.com/media/photo-o/1a/4e/43/32/gansbaai-pearly-beach.jpg?w=500&h=-1&s=1']","Portion 1 Farm 321 Kleyn Hagel Kraal, Pearly Beach, Gansbaai, Overstrand 7220 South Africa","['Whale Watching from Gansbaai', 'Marine Big 5 Safari: Self-Drive', 'Big 5 Sea Safari in Walker Bay from Gansbaai', 'Half-Day White Shark Cage Diving from Gansbaai', '1,5 Hour Horse Trail', 'Marine Big 5 Safari from Hermanus', 'Shark cage diving & viewing tours in Gansbaai', 'Shark Cage Diving - Adventure Meets Conservation!', 'Shark Cage Diving and Viewing from Hermanus', 'Shark Cage Diving', 'Guided Shark Cage Diving with Hookah Air Supply in Gansbaai', 'Cape Town Divers Experience 4Days 3Nights ( Comfort)', 'Shark Cage Diving Viewing Only', 'Cape Town City Pass including Hop-On Hop-Off Bus Transport', 'SHARK CAGE DIVING and VIEWING (Incl. transfers from Cape Town)']"
28. Taxi Mauritius Transfer,278,https://dynamic-media-cdn.tripadvisor.com/media/photo-o/23/80/1d/7a/caption.jpg?w=500&h=400&s=1,https://www.tripadvisor.com//Attraction_Review-g2027568-d24076645-Reviews-Taxi_Mauritius_Transfer-Beau_Bassin_Rose_Hill.html,Taxi Mauritius Transfer,Taxis & Shuttles,,"Taxi Mauritius Transfer is a company that provide travellers a way to pre-booked their airport-hotels transfer comfortably and smartly.our honest and competitive price have made us even more popular on the island such that we have been able to extend our services by providing customers with various sightseeing tours and activities on the island. ""YOUR TRAVEL EXPERT✓ BOOK WITH US""","['https://dynamic-media-cdn.tripadvisor.com/media/photo-o/23/80/1d/7a/caption.jpg?w=500&h=-1&s=1', 'https://media-cdn.tripadvisor.com/media/attractions-splice-spp-120x80/0e/f4/9d/8b.jp?w=500&h=-1&s=1', 'https://media-cdn.tripadvisor.com/media/attractions-splice-spp-120x80/0e/f4/9d/b0.jp?w=500&h=-1&s=1', 'https://media-cdn.tripadvisor.com/media/attractions-splice-spp-120x80/0e/f4/9d/bc.jp?w=500&h=-1&s=1', 'https://media-cdn.tripadvisor.com/media/attractions-splice-spp-120x80/0e/f4/9d/be.jp?w=500&h=-1&s=1', 'https://media-cdn.tripadvisor.com/media/attractions-splice-spp-120x80/0e/f4/9d/bf.jp?w=500&h=-1&s=1', 'https://media-cdn.tripadvisor.com/media/attractions-splice-spp-120x80/0e/f4/9d/c5.jp?w=500&h=-1&s=1', 'https://media-cdn.tripadvisor.com/media/attractions-splice-spp-120x80/0e/fd/05/65.jp?w=500&h=-1&s=1', 'https://media-cdn.tripadvisor.com/media/attractions-splice-spp-120x80/0e/fd/05/77.jp?w=500&h=-1&s=1', 'https://media-cdn.tripadvisor.com/media/attractions-splice-spp-120x80/0e/fd/05/7a.jp?w=500&h=-1&s=1']","Beau Bassin Beau Bassin Rose Hill, Beau Bassin - Rose Hill, Mauritius 71301","['Mauritius Airport Transfer', 'Hiking Le Morne Brabant ', 'Private Airport Transfer in Mauritius', 'Lydia Boat Dolphin watching&swimming/Private boat tour/BBQ on Benitier Island', 'Whale watching', 'Full-Day Catamaran Cruise to Île aux Cerfs with BBQ Lunch', 'Mauritius Full day tour of the South west', 'Taxi Mauritius Airport Private Taxi Shuttle Transfer', 'Full-Day Mauritius Volcanic Wonders Tour Including Swimming with Wild Dolphins', 'Hiking Sept Cascades (Tamarind Falls) - Half Day ', 'Mauritius Airport Transfer to Island Hotels by SUV Car', 'Tamarind falls/7 Cascades Half day Tour ', 'Catamaran cruise to Ile aux cerfs', 'Swimming with Wild Dolphins and Whale Watching (Private Transportation Optional)', 'Hiking the Black River Gorges: Full-day with Lunch and Transfer', 'Marco Paradise Tour', 'Taxi Service Mauritius', 'Vishal Taxi Ile Maurice', 'Taxi Service Dinan ile maurice', 'San Taxi', 'Peak Tours by Arnaud Peka', 'Mauritius Taxi Transfers', 'Isa Mauritius', ""Cote D'Azur Travel & Tours"", 'MUTT- Mauritius Travel Tours']"
29. Marrakech City Life,"3,653",https://dynamic-media-cdn.tripadvisor.com/media/photo-o/21/5b/34/ca/morocco-tours-desert.jpg?w=500&h=400&s=1,https://www.tripadvisor.com//Attraction_Review-g293734-d15521258-Reviews-Marrakech_City_Life-Marrakech_Marrakech_Safi.html,Marrakech City Life,"Multi-day Tours • Cultural Tours • 4WD, ATV & Off-Road Tours • Private Tours • Day Trips",12:00 AM - 11:59 PM,,[],,[]
30. Rachid Taxi Essaouira,264,https://dynamic-media-cdn.tripadvisor.com/media/photo-o/28/78/90/8d/transfert-vip.jpg?w=500&h=400&s=1,https://www.tripadvisor.com//Attraction_Review-g298349-d11891633-Reviews-Rachid_Taxi_Essaouira-Essaouira_Marrakech_Safi.html,Rachid Taxi Essaouira,Taxis & Shuttles,12:00 AM - 11:59 PM,"Taxi Essaouira vous propose des navettes aéroports et circuit vers tous les villes et les riégions du maroc avec une experience Un voyage imprévu ou une situation inattendue, nous sommes également à votre entière disposition pour tous types de trajets de dernière minute réservé vite sur notre site If you need to travel to any destination from these listed below,Rachid taxi essaouira get you covered We have an in house team of professional drivers specialized on these destinations To make your journey as fluid, safe and enjoyable as possible","['https://dynamic-media-cdn.tripadvisor.com/media/photo-o/28/78/90/8d/transfert-vip.jpg?w=500&h=-1&s=1', 'https://dynamic-media-cdn.tripadvisor.com/media/photo-o/24/57/0f/ef/transfert-prive.jpg?w=500&h=-1&s=1', 'https://dynamic-media-cdn.tripadvisor.com/media/photo-o/24/57/0d/e3/nos-services.jpg?w=500&h=-1&s=1', 'https://dynamic-media-cdn.tripadvisor.com/media/photo-o/24/57/0c/15/aeroport-d-essaouira.jpg?w=500&h=-1&s=1', 'https://dynamic-media-cdn.tripadvisor.com/media/photo-o/24/57/0b/07/transfert-prive.jpg?w=500&h=-1&s=1', 'https://dynamic-media-cdn.tripadvisor.com/media/photo-o/24/57/0a/47/visite-du-marche-berbere.jpg?w=500&h=-1&s=1', 'https://dynamic-media-cdn.tripadvisor.com/media/photo-o/1c/1d/64/94/la-plage-imssouane.jpg?w=500&h=-1&s=1', 'https://dynamic-media-cdn.tripadvisor.com/media/photo-o/1a/86/1d/ba/excursion-safi.jpg?w=500&h=-1&s=1', 'https://dynamic-media-cdn.tripadvisor.com/media/photo-o/18/62/1c/5b/rachid-taxi-essaouira.jpg?w=500&h=-1&s=1', 'https://dynamic-media-cdn.tripadvisor.com/media/photo-o/1a/50/04/9f/rachid-taxi-essaouira.jpg?w=500&h=-1&s=1']",,"['Transfer Marrakech city to Essaouira or Essaouira to Marrakech ', ""L'Atelier Madada Moroccan Cooking Workshop in Essaouira"", 'Essaouira Private Camel Ride (1 Hour).', 'Guided Quad Ride in Essaouira (1 hour).', 'Half day quad biking: Big dunes and forest', '2h quad bike on the beach and in the dunes', 'Horse Ride on the Beach in Essaouira', 'Private Transfer Essaouira', 'Private 2-Hour Quad Ride on Forest and Dunes from Essaouira', 'Surf Lesson with local surfer in Essaouira Morocco ', 'Walk to the cascade and marabout of Sidi Mbark & for a tea to Kaouki.', '2-hour walks to discover Essaouira', 'The Sunday Market in Had Draa & Local Food Tasting.', 'How To Be A Real Moroccan Chef ', 'Surf Lesson in Essaouira', 'Taxi Arganier', 'Green Adventure', 'Handy Travel Morocco', 'KITESURFING/KITETRIPPING ESSAOUIRA SURF', 'Taxi 2 Essaouira', 'Med Taxi Essaouira', 'Mohcine Taxi Airport', 'Transfer Morocco', 'Ocean Surfpoint', 'Omaroc Taxi']"
